Название региона или Федерального округа,Период,"Число театров, ед.  ","Количество помещений (зданий) - всего, ед.  ",из общего количества помещений (зданий) доступны для инвалидов и лиц с нарушениями зрения,из общего количества помещений (зданий) доступны для инвалидов и лиц с нарушениями слуха,из общего количества помещений (зданий) доступны для инвалидов и лиц с нарушениями опорно-двигатель-ного аппарата,из общего количества помещений (зданий) объекты культурного наследия федераль-ного значения,из общего количества помещений (зданий) объекты культурного наследия региональ-ного значения,из общего количества помещений (зданий) техническое состояние помещений (зданий) требуют капитального ремонта,из общего количества помещений (зданий) техническое состояние помещений (зданий) аварийные,из общего количества помещений (зданий) по формам владения в оперативном управлении или хозяйственном ведении,из общего количества помещений (зданий) по формам владения арендованные,из общего количества помещений (зданий) по формам владения безвозмездное пользование,из общего количества помещений (зданий) по формам владения прочие,"Общая площадь помещений (зданий), кв.м  ","Число зрительных залов, ед.  ","Коммерческая вместимость зрительного зала (площадки), мест основного ","Коммерческая вместимость зрительного зала (площадки), мест из них доступны для лиц с нарушением опорно-двигатель-ного аппарата ","Коммерческая вместимость зрительного зала (площадки), мест дополнитель-ных ","Коммерческая вместимость зрительного зала (площадки), мест из них доступны для лиц с нарушением опорно-двигатель-ного аппарата ","Число новых постановок, ед.  ","Число капитально-возобновленных постановок, ед.  ","Число постановок, находящихся на стадии выпуска, ед.  ","Численность работников списочного состава на конец года, чел.  ",из общей численности работников артистический персонал ,из общей численности работников художественный персонал ,из общей численности работников имеют инвалидность ,"из общей численности работников прошли обучение (инструктирование) по вопросам, связанным с предоставлением услуг инвалидам ",из общей численности работников прошли повышение квалификации/ профессиональную переподготовку,"Число театров, имеющих технические средства (ед.) автоматизиро-ванную технологию учета доступа зрителей ",Число  оборудования для показа постановок для лиц с нарушением (ед.) зрения ,Число  оборудования для показа постановок для лиц с нарушением (ед.) слуха ,"Число специализированного оборудования для инвалидов, ед.  ","Число виртуальных залов, ед.  ",из общего числа виртуальных залов созданы в рамках реализации Национального проекта «Культура»,"Число театров, имеющих технические средства (ед.) собственный  Интернет - сайт или Интернет- страницу ","Число театров, имеющих технические средства (ед.) собственный  Интернет - сайт или Интернет- страницу, доступной для слепых и слабовидящих ","Число мероприятий - всего, ед. мероприятия (спектакли, концерты, творческие вечера и т.п.), проведенные силами театра на своей (своих) площадках ","Число мероприятий - всего, ед. выездные мероприятия ","Число мероприятий - всего, ед. гастроли в пределах своего субъекта ","Число мероприятий - всего, ед. гастроли за пределами своего субъекта ","Число мероприятий - всего, ед. всего мероприятий в Российской Федерации ","Число мероприятий - всего, ед. в т.ч. мероприятия без продажи билетов ","Число мероприятий - всего, ед. в т.ч. мероприятия без продажи билетов,иные мероприятия, проведенные силами театра - всего","Число мероприятий - всего, ед. в т.ч. мероприятия без продажи билетов,иные мероприятия, проведенные силами театра - выставки","Число мероприятий - всего, ед. в т.ч. мероприятия без продажи билетов,иные мероприятия, проведенные силами театра - лекции","Число мероприятий - всего, ед. в т.ч. мероприятия без продажи билетов,иные мероприятия, проведенные силами театра - мастер-классы","Число мероприятий - всего, ед. в т.ч. мероприятия без продажи билетов,иные мероприятия, проведенные силами театра - открытые репетиции","Число мероприятий - всего, ед. гастроли за рубежом ","Число мероприятий - всего, ед. кроме того, мероприятия, проведенные силами сторонних организаций на площадках театра ","Число мероприятий - для детей, ед. мероприятия (спектакли, концерты, творческие вечера и т.п.), проведенные силами театра на своей (своих) площадках ","Число мероприятий - для детей, ед. выездные мероприятия ","Число мероприятий - для детей, ед. гастроли в пределах своего субъекта ","Число мероприятий - для детей, ед. гастроли за пределами своего субъекта ","Число мероприятий - для детей, ед. всего мероприятий в Российской Федерации ","Число мероприятий - для детей, ед. в т.ч. мероприятия без продажи билетов ","Число мероприятий -  для детей, ед. в т.ч. мероприятия без продажи билетов,иные мероприятия, проведенные силами театра - всего","Число мероприятий -  для детей, ед. в т.ч. мероприятия без продажи билетов,иные мероприятия, проведенные силами театра - выставки","Число мероприятий -  для детей, ед. в т.ч. мероприятия без продажи билетов,иные мероприятия, проведенные силами театра - лекции","Число мероприятий -  для детей, ед. в т.ч. мероприятия без продажи билетов,иные мероприятия, проведенные силами театра - мастер-классы","Число мероприятий -  для детей, ед. в т.ч. мероприятия без продажи билетов,иные мероприятия, проведенные силами театра - открытые репетиции","Число мероприятий - для детей, ед. гастроли за рубежом ","Число мероприятий - для детей, ед. кроме того, мероприятия, проведенные силами сторонних организаций на площадках театра ","Число мероприятий - доступных для инвалидов и лиц с нарушениями зрения, ед. мероприятия (спектакли, концерты, творческие вечера и т.п.), проведенные силами театра на своей (своих) площадках ","Число мероприятий - доступных для инвалидов и лиц с нарушениями зрения, ед. всего мероприятий в Российской Федерации ","Число мероприятий - доступных для инвалидов и лиц с нарушениями зрения, ед. в т.ч. мероприятия без продажи билетов ","Число мероприятий - доступных для инвалидов и лиц с нарушениями зрения, ед. кроме того, мероприятия, проведенные силами сторонних организаций на площадках театра ","Число мероприятий - доступных для инвалидов и лиц с нарушениями слуха, ед. мероприятия (спектакли, концерты, творческие вечера и т.п.), проведенные силами театра на своей (своих) площадках ","Число мероприятий - доступных для инвалидов и лиц с нарушениями слуха, ед. всего мероприятий в Российской Федерации ","Число мероприятий - доступных для инвалидов и лиц с нарушениями слуха, ед. в т.ч. мероприятия без продажи билетов ","Число мероприятий - доступных для инвалидов и лиц с нарушениями слуха, ед. кроме того, мероприятия, проведенные силами сторонних организаций на площадках театра ","Число мероприятий - с участием инвалидов и лиц с ОВЗ, ед. мероприятия (спектакли, концерты, творческие вечера и т.п.), проведенные силами театра на своей (своих) площадках ","Число мероприятий - с участием инвалидов и лиц с ОВЗ, ед. выездные мероприятия ","Число мероприятий - с участием инвалидов и лиц с ОВЗ, ед. гастроли в пределах своего субъекта ","Число мероприятий - с участием инвалидов и лиц с ОВЗ, ед. гастроли за пределами своего субъекта ","Число мероприятий - с участием инвалидов и лиц с ОВЗ, ед. всего мероприятий в Российской Федерации ","Число мероприятий - с участием инвалидов и лиц с ОВЗ, ед. в т.ч. мероприятия без продажи билетов ","Число мероприятий - с участием инвалидов и лиц с ОВЗ, ед. гастроли за рубежом ","Число билетов на мероприятия, проведенные театрами, поступивших в продажу, тыс. штук мероприятия (спектакли, концерты, творческие вечера и т.п.), проведенные силами театра на своей (своих) площадках ","Число билетов на мероприятия, проведенные театрами, поступивших в продажу, тыс. штук выездные мероприятия ","Число билетов на мероприятия, проведенные театрами, поступивших в продажу, тыс. штук гастроли в пределах своего субъекта ","Число билетов на мероприятия, проведенные театрами, поступивших в продажу, тыс. штук гастроли за пределами своего субъекта ","Число билетов на мероприятия, проведенные театрами, поступивших в продажу, тыс. штук всего мероприятий в Российской Федерации ","Число билетов на мероприятия, проведенные театрами, поступивших в продажу, тыс. штук иные мероприятия, проведенные силами театра - всего ","Число билетов на мероприятия, проведенные театрами, поступивших в продажу, тыс. штук иные мероприятия, проведенные силами театра - выставки ","Число билетов на мероприятия, проведенные театрами, поступивших в продажу, тыс. штук иные мероприятия, проведенные силами театра - лекции ","Число билетов на мероприятия, проведенные театрами, поступивших в продажу, тыс. штук иные мероприятия, проведенные силами театра - мастер-классы ","Число билетов на мероприятия, проведенные театрами, поступивших в продажу, тыс. штук иные мероприятия, проведенные силами театра - открытые репетиции ","Число билетов на мероприятия, проведенные театрами, поступивших в продажу, тыс. штук мероприятия, проведенные силами сторонних организаций на площадках театра","Численность зрителей - всего, тыс. чел. мероприятия (спектакли, концерты, творческие вечера и т.п.), проведенные силами театра на своей (своих) площадках ","Численность зрителей - всего, тыс. чел. выездные мероприятия ","Численность зрителей - всего, тыс. чел. гастроли в пределах своего субъекта ","Численность зрителей - всего, тыс. чел. гастроли за пределами своего субъекта ","Численность зрителей - всего, тыс. чел. всего мероприятий в Российской Федерации ","Численность зрителей - всего, тыс. чел. в т.ч. мероприятия без продажи билетов ","Численность зрителей - всего, тыс. чел.  иные мероприятия, проведенные силами театра - всего ","Численность зрителей - всего, тыс. чел.  иные мероприятия, проведенные силами театра - выставки ","Численность зрителей - всего, тыс. чел.  иные мероприятия, проведенные силами театра - лекции ","Численность зрителей - всего, тыс. чел.  иные мероприятия, проведенные силами театра - мастер-классы ","Численность зрителей - всего, тыс. чел.  иные мероприятия, проведенные силами театра - открытые репетиции ","Численность зрителей - всего, тыс. чел. гастроли за рубежом ","Численность зрителей - всего, тыс. чел. кроме того, мероприятия, проведенные силами сторонних организаций на площадках театра ","Численность зрителей - на мероприятиях для детей, тыс. чел. мероприятия (спектакли, концерты, творческие вечера и т.п.), проведенные силами театра на своей (своих) площадках ","Численность зрителей - на мероприятиях для детей, тыс. чел. выездные мероприятия ","Численность зрителей - на мероприятиях для детей, тыс. чел. гастроли в пределах своего субъекта ","Численность зрителей - на мероприятиях для детей, тыс. чел. гастроли за пределами своего субъекта ","Численность зрителей - на мероприятиях для детей, тыс. чел. всего мероприятий в Российской Федерации ","Численность зрителей - на мероприятиях для детей, тыс. чел. в т.ч. мероприятия без продажи билетов ","Численность зрителей - на мероприятиях для детей, тыс. чел. иные мероприятия, проведенные силами театра - всего ","Численность зрителей - на мероприятиях для детей, тыс. чел. иные мероприятия, проведенные силами театра - выставки ","Численность зрителей - на мероприятиях для детей, тыс. чел. иные мероприятия, проведенные силами театра - лекции ","Численность зрителей - на мероприятиях для детей, тыс. чел. иные мероприятия, проведенные силами театра - мастер-классы ","Численность зрителей - на мероприятиях для детей, тыс. чел. иные мероприятия, проведенные силами театра - открытые репетиции ","Численность зрителей - на мероприятиях для детей, тыс. чел. гастроли за рубежом ","Численность зрителей - на мероприятиях для детей, тыс. чел. кроме того, мероприятия, проведенные силами сторонних организаций на площадках театра ","Поступления от мероприятий - всего, тыс. руб. мероприятия (спектакли, концерты, творческие вечера и т.п.), проведенные силами театра на своей (своих) площадках ","Поступления от мероприятий - всего, тыс. руб. выездные мероприятия ","Поступления от мероприятий - всего, тыс. руб. гастроли в пределах своего субъекта ","Поступления от мероприятий - всего, тыс. руб. гастроли за пределами своего субъекта ","Поступления от мероприятий - всего, тыс. руб. всего мероприятий в Российской Федерации ","Поступления от мероприятий - всего, тыс. руб. в т.ч. мероприятия без продажи билетов ","Поступления от мероприятий - всего, тыс. руб. иные мероприятия, проведенные силами театра - всего ","Поступления от мероприятий - всего, тыс. руб. иные мероприятия, проведенные силами театра - выставки ","Поступления от мероприятий - всего, тыс. руб. иные мероприятия, проведенные силами театра - лекции ","Поступления от мероприятий - всего, тыс. руб. иные мероприятия, проведенные силами театра - мастер-классы ","Поступления от мероприятий - всего, тыс. руб. иные мероприятия, проведенные силами театра - открытые репетиции ","Поступления от мероприятий - всего, тыс. руб. гастроли за рубежом ","Поступления от мероприятий - всего, тыс. руб. кроме того, мероприятия, проведенные силами сторонних организаций на площадках театра ","Поступления от мероприятий - по договорам, тыс. руб. мероприятия (спектакли, концерты, творческие вечера и т.п.), проведенные силами театра на своей (своих) площадках ","Поступления от мероприятий - по договорам, тыс. руб. выездные мероприятия ","Поступления от мероприятий - по договорам, тыс. руб. гастроли в пределах своего субъекта ","Поступления от мероприятий - по договорам, тыс. руб. гастроли за пределами своего субъекта ","Поступления от мероприятий - по договорам, тыс. руб. всего мероприятий в Российской Федерации ","Поступления от мероприятий - по договорам, тыс. руб. в т.ч. мероприятия без продажи билетов ","Поступления от мероприятий - по договорам, тыс. руб. иные мероприятия, проведенные силами театра - всего ","Поступления от мероприятий - по договорам, тыс. руб. иные мероприятия, проведенные силами театра - выставки ","Поступления от мероприятий - по договорам, тыс. руб. иные мероприятия, проведенные силами театра - лекции ","Поступления от мероприятий - по договорам, тыс. руб. иные мероприятия, проведенные силами театра - мастер-классы ","Поступления от мероприятий - по договорам, тыс. руб. иные мероприятия, проведенные силами театра - открытые репетиции ","Поступления от мероприятий - по договорам, тыс. руб. гастроли за рубежом ","Поступления от мероприятий - по договорам, тыс. руб. кроме того, мероприятия, проведенные силами сторонних организаций на площадках театра ","Число гастролей за пределами своего региона Российской Федерации, ед.","Число гастролей за рубежом, ед.","Число мероприятий в виртуальных концертных залах театра, ед. мероприятия (спектакли, концерты, творческие вечера и т.п.), проведенные силами театра на своей (своих) площадках ","Число мероприятий в виртуальных концертных залах театра, ед. из них число мероприятий в виртуальных залах театра, созданных в рамках реализации Национального проекта ""Культура""","Численность зрителей на мероприятиях в виртуальных залах театра- всего, тыс.чел.","Численность зрителей на мероприятиях в виртуальных залах театра- всего, тыс.чел. из них численность зрителей на мероприятиях в виртуальных залах театра, созданных в рамках реализации Национального проекта ""Культура""","Остаток финансовых средств на начало года, тыс. руб. субсидий от  учредителя ","Остаток финансовых средств на начало года, тыс. руб. внебюджетных средств ","Поступило доходов  всего, тыс. руб. (сумма граф 119,120, 121,127)  ","из них (из гр.118) средства (субсидии), полученные от  учредителя ","из них (из гр.118) гранты, субсидии в виде грантов из бюджетов бюджетной системы Российской Федерации (за исключением средств учредителя) ","из них (из гр.118) поступления от оказания услуг (выполнения работ) на платной основе и иной приносящей доход деятельности (сумма граф 122, 125, 126) ","из них (из гр.118) доходы от оказания платных услуг (сумма граф 123, 124) ",из них (из гр.118) в том числе  от основных видов уставной деятельности,из них (из гр.118) в том числе  от иных видов уставной деятельности,"из них (из гр.118) благотворительные вклады от физических и юридических лиц, гранты юридических лиц ",из них (из гр.118) от сдачи имущества в аренду ,из них (из гр.118) иные поступления ,"Израсходовано  всего, тыс. руб.  ",из них (из гр.128) расходы на оплату труда всего,"из них (из гр.128) расходы на оплату труда из них 
за счет внебюджетных
 средств",из них (из гр.128) на капитальный ремонт и реставрацию всего,"из них (из гр.128) на капитальный ремонт и реставрацию из них 
за счет внебюджетных
 средств",из них (из гр.128) на приобретение (замену) оборудования всего,из них (из гр.128) на приобретение (замену) оборудования из них для улучшения условий доступности для инвалидов и лиц с ОВЗ,"из них (из гр.128) на приобретение (замену) оборудования из них 
за счет внебюджетных
 средств",из них (из гр.128) на новые постановки всего,"из них (из гр.128) на новые постановки из них 
за счет внебюджетных
 средств"
Всего по Российской Федерации,2021,679,1687,284,307,499,76,263,381,43,1310,173,178,26,3738966.1,1315,235093,6075,59622,2171,3113,179,245,85331,30545,7948,1769,1144,5755,1930,1179,2076,36,23,230,664,461,146888,17697,3042,3011,170638,10073,6567,1256,1231,3531,549,254,6151,75494,11896,1806,1405,90601,5515,4310,749,534,2794,233,41,1532,4492,4492,238,118,18319,18319,562,453,9414,639,167,161,10381,427,27,26541.7,2111,407.3,411.7,29471.7,251.7,154.4,47.3,45.5,4.5,2292.4,21629.8,2975.3,449.6,398.2,25452.9,2725.1,469.5,250.9,81,114.1,23.5,12.9,1393.1,8603.7,1641.5,231.9,157.7,10634.8,1031.1,272.4,136.3,51.3,79.6,5.2,0.6,131.9,18691875.2,740574.6,105284.6,658089,20195823.4,52094.5,22990.8,2278.3,9377.2,9901.1,1434.2,286344.3,913247.6,248097.6,141446.6,11949.3,520137.8,921631.3,29473.8,2841.8,,,1854.5,987.3,280868.8,570261.4,1017,76,617,397,67.2,43.3,4266893.4,6014696,117948898.8,81053395.9,9823655.8,26486570.8,23527911.8,22078056.3,1449855.5,2170541.6,788117.4,585276.3,113591232.7,72030637.4,10809551.7,3655141.9,153537,4869617.6,31686.9,838087.7,6071207.8,2213400.3
Центральный федеральный округ,2021,190,514,77,89,147,31,61,83,6,423,61,23,7,1122000.1,330,66327,1892,28319,721,824,38,98,27208,8921,2153,570,305,2356,309,573,361,7,5,79,187,124,46977,4037,302,1223,52539,2459,1882,232,494,1021,135,78,2081,21973,2704,216,556,25449,1348,1167,144,202,762,59,32,473,1559,1559,208,,5638,5638,342,27,3129,64,,48,3241,166,1,8262.5,490,20,127.5,8900,49.3,18.9,23.1,7,0.3,930.5,6087.1,553,30.2,126.1,6796.4,624.1,89.4,27.3,26.3,30.1,5.7,1.9,904.2,2173.5,320.1,21,45.9,2560.5,200.2,65,27.3,17.7,18.2,1.8,0.3,25.2,9247809.3,270941.3,6936,322749.7,9848436.3,5364.4,4089.9,710.4,2376.6,961.5,41.4,97611.5,454244.9,54531.9,80616.8,799.5,291840,427788.2,4344.4,,,,,,97421.5,363248.8,420,24,164,52,15.3,14.1,988421.3,3204305,49482804.3,29294597.7,6271668.2,13682296.8,11698301.9,10620699.1,1077602.8,1552623.9,431371,234241.6,46778366.2,26955965.9,5128109.7,1867336.5,69386.1,1940724.5,3760.5,528441.4,2496047.2,1386714.8
Белгородская обл.,2021,4,4,,,3,,2,2,,4,,,,18391,8,1035,16,233,6,23,,,349,124,34,11,3,6,,,4,,1,2,4,4,1048,267,5,26,1346,71,37,5,10,22,,,4,650,222,5,26,903,5,27,5,10,12,,,,,,,,,,,,,,,,,,,207.5,14.9,0.5,,222.9,,,,,,0.9,137.5,32.5,0.5,,170.5,25.2,,,,,,,0.4,61.6,21.8,0.5,,83.9,1.8,,,,,,,,42049.1,2259.1,47.5,425.3,44781,,,,,,,,342.2,,,,425.3,425.3,,,,,,,,,6,,,,,,1526.3,3469.6,330632.9,237098.9,37711,54801.8,52533.3,51507,1026.3,,2268.5,1021.2,325548.2,189916.5,19433.3,,,13672,299.8,1312.7,14342.1,916.9
Брянская обл.,2021,3,3,1,1,2,,2,,1,3,,,,10515,3,1044,1,28,6,15,5,,283,80,32,4,,20,1,1,3,,,2,3,,525,135,39,15,714,39,5,,,5,,,52,336,116,27,10,489,29,,,,,,,5,,,,,,,,,,,,,,,,86.6,17.4,8,3.1,115.1,,,,,,0.4,80.3,18.8,8.1,3.1,110.3,7.9,0.7,,,0.7,,,0.4,35,15.6,4.2,1.3,56.1,4.8,,,,,,,0.4,25940.3,3507.5,3353.6,1166.5,33967.9,,,,,,,,908.7,2612.7,379,,243.6,3235.3,,,,,,,,790.6,5,,,,,,385,9026.6,269973.4,230485.8,9454.3,30033.3,29848.3,29822.3,26,,185,,260541.3,195259.4,16970.3,1191,,3925.3,,120.4,30606.7,462
Владимирская обл.,2021,3,3,2,2,3,,2,1,,3,,,,9634,5,1039,49,160,,20,,,185,70,26,3,11,8,2,3,3,,,1,3,3,747,117,37,66,967,184,106,,,76,30,1,14,588,28,37,32,685,142,43,,,25,18,,14,5,5,5,,2,2,2,,,,,,,,,42.6,10.8,0.2,2.5,56.1,0.6,,0.3,0.3,,0.6,40.2,28.9,6.2,13.5,88.8,40.8,10.2,,0.3,7.4,2.5,0.1,0.4,31.8,3.5,6.2,4.4,45.9,14.4,2.1,,,0.6,1.5,,0.4,10395.9,3790.7,106.6,454.2,14747.4,583.3,,,,,,,118,169.2,589.7,41,,799.9,,,,,,,,,24,1,,,,,188,1893.9,220969.3,192008.5,11268,17311.8,16834.5,14481.7,2352.8,,477.3,381,220874.5,84065.6,2363.6,5787,,20776.8,,,19643.2,575.9
Воронежская обл.,2021,9,34,7,6,10,1,2,4,,8,24,2,,34704,16,2885,111,649,14,39,,1,951,422,149,20,2,29,1,12,9,,,1,8,5,1403,118,11,43,1575,124,22,5,6,6,5,1,25,319,63,10,5,397,50,,,,,,,4,57,57,,,292,292,12,,,,,,,,,230.8,12.3,0.9,11.1,255.1,,,,,,,183.6,12.5,1,5,202.1,12.6,,,,,,,,47.6,9.7,0.9,0.9,59.1,7.7,,,,,,,,116207.3,3474.3,282.8,2780.3,122744.7,28,,,,,,,173.3,1333.1,412.7,,550,2295.8,28,,,,,,,173.3,23,1,,,,,47365.8,17300.3,733276.1,576228.5,17041.6,139573.4,135406.6,130742.3,4664.3,2738.7,1428.1,432.6,727011.4,514825.8,64807.2,853.6,,30004.5,260.5,3131.7,57797.3,15525.7
Ивановская обл.,2021,4,7,2,2,2,,,,,2,2,3,,17876,5,2421,44,60,,27,,,414,172,24,10,,5,7,10,5,,,1,4,4,768,84,,34,886,131,,,,,,3,77,407,11,,20,438,3,,,,,,,18,239,239,126,,240,240,126,,218,19,,6,243,126,,177.9,6.7,,5.2,189.8,,,,,,9.1,160.6,8.5,,5.2,174.3,31.3,,,,,,1.5,8.8,63.9,1.5,,3.8,69.2,,,,,,,,1.7,33586.6,1191.5,,1077.9,35856,,,,,,,190,2922.5,6488.4,115,,440,7043.4,,,,,,,,1150,11,1,,,,,,1068.4,254443.1,207690.4,,46488.6,42788.4,39949.8,2838.6,3700.2,,264.1,247451.1,157218,12795.4,182.8,182.8,17093,1524.9,1154.6,12098.9,3629
Калужская обл.,2021,3,5,1,1,3,1,2,1,,4,,1,,8888,5,1055,20,105,6,18,,1,282,87,43,6,3,11,,,1,,,,3,1,930,97,,23,1050,149,5,5,,,,,35,653,81,,14,748,130,5,5,,,,,14,,,,,,,,,,,,,,,,203.9,6.2,,1.2,211.3,,,,,,16.1,173.9,8.7,,1.5,184.1,42.1,,,,,,,7.3,101.6,6.6,,1.3,109.5,38.4,,,,,,,1.8,55651,1496.4,,322.1,57469.5,1138,,,,,,,5723.1,1028,110,,,1138,1138,,,,,,,,5,,,,,,6937.3,16401.4,247564.7,183542.1,313.1,63709.5,63306.3,62962.3,344,200,203.2,,244496.8,164071.2,33961.8,,,14583,,976,3480,561
Костромская обл.,2021,3,4,1,3,2,,3,4,,4,,,,9728,4,632,24,60,,20,,,231,73,25,9,9,24,,2,15,,,1,3,3,862,115,22,19,1018,31,11,11,,,,,42,466,108,22,13,609,20,11,11,,,,,32,,,,,290,290,6,,,,,,,,,78.2,10.6,1.6,3.8,94.2,5,5,,,,6,78.4,10.3,1.6,3.8,94.1,4.8,5,5,,,,,6,25,7.8,1.6,1.8,36.2,2.3,5,5,,,,,2,26837.9,1876.7,156,812.6,29683.2,,265.2,265.2,,,,,598.2,1291,,,,1291,,,,,,,,,3,,,,,,18,233.4,174290.4,118503.3,24096.3,31621.2,30578.6,30546.2,32.4,15,1027.6,69.6,171847.3,120427.4,18987.6,2217.3,,16775.9,700,243.6,15555,523.2
Курская обл.,2021,2,2,,1,1,,1,,,2,,,,13363,3,962,,74,,6,,,209,60,26,16,,12,,1,1,,,2,2,2,359,110,,12,481,,,,,,,,10,174,109,,10,293,,,,,,,,10,,,,,4,4,,,28,,,,28,,,75.5,6.4,,,81.9,,,,,,,75.5,6.4,,,81.9,,,,,,,,,17.8,5.9,,,23.7,,,,,,,,,16419.2,740.1,,327.5,17486.8,,,,,,,,155.6,,,,327.5,327.5,,,,,,,,155.6,6,,,,,,481.6,185.1,154891.4,133194.2,525,21156.7,19671.5,19179.1,492.4,1293.9,191.3,15.5,149823.7,106492,2004.4,331.3,161.5,2792.2,,528.8,5211.7,1494.6
Липецкая обл.,2021,4,7,3,2,3,,3,2,1,6,1,,,15830,6,1346,23,170,,23,,3,308,109,96,13,4,22,1,2,8,,,1,4,4,581,31,8,19,639,1,10,,10,,,,6,210,30,,5,245,,,,,,,,,149,149,,,312,312,,,149,,,,149,,,102.6,32.3,1.5,6.7,143.1,0.2,,0.2,,,0.6,80.9,5.6,1.2,4.8,92.5,0.3,0.2,,0.2,,,,0.5,20.4,3.3,,1.4,25.1,,,,,,,,,31199.5,1621,433,793.6,34047.1,,25.4,,25.4,,,,73.8,,,,100.8,100.8,,,,,,,,,5,,,,,,,24450.1,263258.9,198996.2,18344.4,45912.9,41238.9,41238.9,,2095,2579,5.4,251076.1,138478.6,15721.4,742.1,299.1,32100.8,40,6832.8,15986.4,7698.5
Московская обл.,2021,27,39,14,12,19,,5,6,1,30,3,6,,47655,37,5491,174,1638,25,111,25,8,1788,675,296,36,148,81,157,47,154,,,8,27,25,5008,1210,28,123,6369,868,819,,,819,,,205,3162,776,24,54,4016,502,677,,,677,,,69,444,444,77,,672,672,174,,311,37,,,348,25,,541.1,129.1,1.5,31.9,703.6,2.8,,,2.8,,19.9,451.1,204.2,2.5,31.9,689.7,220.4,16.8,,,16.8,,,18.3,240.1,107.9,2.1,5.3,355.4,59.5,13.8,,,13.8,,,6.5,256103.1,20666,633.8,10359.7,287762.6,871,821.9,,,821.9,,,15683,24883.4,13784.2,186,9894.6,48748.2,871,,,,,,,6424,34,,,,,,58536.9,16432.4,1988771.6,1579095,55335.9,345737.2,325917,320775.3,5141.7,18350,1470.2,8603.5,1997059.3,1457733,260310.7,19541.5,,134010.7,494.8,2687.8,74478.5,20026.7
Орловская обл.,2021,4,6,2,3,3,1,2,,,6,,,,18720,6,1062,11,197,,20,,,404,107,27,5,,15,,1,2,,,1,4,2,876,72,,1,949,44,,,,,,,,650,50,,1,701,25,,,,,,,,,,,,170,170,,,,,,,,,,126.3,10.6,,0.4,137.3,,,,,,,79.5,9.9,,0.3,89.7,3.9,,,,,,,,63.2,5.5,,0.3,69,2.5,,,,,,,,20561,1106.2,,89.4,21756.6,,,,,,,,,260,42,,,302,,,,,,,,,1,,,,,,345.9,424.6,274638.7,222672.8,27840.3,23790.5,23199.5,23199.5,,,591,335.1,272880.2,179933.7,5763.4,,,34844.7,56,689.8,8335.7,4035.7
Рязанская обл.,2021,4,5,1,2,4,,2,4,,5,,,,15995,7,1545,12,247,,21,,,532,168,38,14,16,82,,2,14,,,2,4,4,963,24,,54,1041,21,102,62,17,5,18,,85,688,16,,30,734,17,29,,17,,12,,45,,,,,308,308,3,27,297,,,14,311,,,152.3,3.5,,8.5,164.3,,,,,,8.1,128.2,4.4,,8.5,141.1,3.5,,,,,,,7.3,80.5,2.9,,1.5,84.9,2.8,,,,,,,5.9,53488.1,168,,1132.2,54788.3,105,,,,,,,9904.6,,51,,37.6,88.6,51,,,,,,,7288.3,12,,,,,,,21578.3,495518.5,425381.9,,70136.6,68500.5,60501.4,7999.1,1601.5,34.6,,491943,344802.6,18243.8,49894.3,,11882.9,,1029.1,10886.6,3401.8
Смоленская обл.,2021,3,4,2,3,3,,1,1,,4,,,,21918,5,1216,122,150,28,14,,1,254,112,66,5,1,31,3,6,6,,,2,3,3,736,3,24,21,784,4,,,,,,,9,376,2,23,12,413,4,,,,,,,1,160,160,,,160,160,,,,,,,,,,90.7,,,,90.7,,,,,,2.4,64.7,,,,64.7,0.3,,,,,,,2.4,22.6,,,,22.6,0.3,,,,,,,,23878.2,210,110.5,1347,25545.7,64.4,,,,,,,358,,210,110.5,1347,1667.5,64.4,,,,,,,8,4,,,,,,133,2763.8,156567.4,130059,,26508.4,26007.3,26006.5,0.8,,501.1,,155702.8,132880.1,14331.9,,,2934.2,,887,9077.5,2758.1
Тамбовская обл.,2021,3,5,4,4,3,,2,,,5,,,,10895,7,1256,105,294,,29,,1,353,125,22,10,31,55,,,15,2,2,2,3,2,980,91,,31,1102,63,10,10,,,,,117,678,78,,14,770,26,10,10,,,,,29,,,,,,,,,,,,,,,,179.5,18,,5.5,203,,,,,,6.1,116.3,19.5,,5.5,141.3,17.3,4.1,4.1,,,,,6.1,58.9,16.7,,1.9,77.5,4.4,4.1,4.1,,,,,1.4,24114.4,1260.7,,587.8,25962.9,,,,,,,,6165.4,1217.7,402,,,1619.7,,,,,,,,4036,16,,52,52,14.1,14.1,,45.1,265926,216604.3,14683.4,34625.5,34252.5,34011.4,241.1,373,,12.8,265879.6,160626.1,8943.4,,,28649.2,,221.7,15718.1,570.6
Тверская обл.,2021,5,8,4,6,4,2,2,3,,8,,,,20704,9,1983,363,322,158,38,,1,453,133,22,7,2,55,20,140,18,,1,3,5,4,1169,286,85,23,1563,59,7,2,5,,,,,662,228,64,12,966,30,7,2,5,,,,,5,5,,,473,473,5,,8,,,1,9,,,248.4,36,5.2,3.1,292.7,,,,,,,150.7,47.5,8.6,3.7,210.5,25.8,5.7,4.6,1.1,,,,,80.1,36.2,5.4,2.2,123.9,16.2,5.7,4.6,1.1,,,,,49745.7,4150,1295,1015.8,56206.5,,,,,,,,,,,,,,,,,,,,,,13,,,,,,7836.3,9698.9,390412.9,303329.1,21161,60211.8,59592.8,58545.7,1047.1,167.5,451.5,5711,378959.2,284315.7,49892.8,2489.4,,11111.5,,652.6,17591.3,2392.6
Тульская обл.,2021,6,9,3,2,3,,2,2,,7,2,,,16513,9,1658,10,468,2,44,,1,574,148,62,21,3,26,,6,12,,,1,6,3,1316,131,41,15,1503,63,156,54,82,20,,,35,467,80,4,2,553,35,151,54,77,20,,,1,,,,,,,,,433,4,,13,450,,,162.7,22.3,0.1,2.2,187.3,32.5,13.4,15.7,3.4,,7.6,163.3,23,0.1,2.1,188.5,23.5,32.5,13.4,15.7,3.4,,,7.5,60.2,14.7,0.1,0.3,75.3,10,31.5,13.4,14.7,3.4,,,0.1,37398,1184.2,502,1063.9,40148.1,,,,,,,,4645.8,651.9,275.1,462,,1389,,,,,,,,,3,,,,,,2753,9762.3,403562.8,348740.3,1661,53135.5,51665.7,49189.7,2476,45,1424.8,26,400721.2,288919.8,20408.3,1817,,6702.8,,1928.4,22512.3,6992.4
Ярославская обл.,2021,6,11,4,5,5,1,,5,1,7,1,3,,35440,9,2404,12,266,30,37,1,4,620,195,71,12,2,60,,2,2,,,4,6,3,1226,60,2,24,1312,70,250,,240,10,,,36,674,40,,9,723,45,10,,,10,,,,,,,,,,,,,,,,,,,220.2,32.1,0.5,2.6,255.4,6.7,,6.5,0.2,,813.6,207.6,34.8,0.4,2.2,245,27.9,6.7,,6.5,0.2,,,813.5,93.7,16.1,,0.7,110.5,15.3,0.2,,,0.2,,,,102152.9,2402.7,15.2,2220.3,106791.1,242.7,1188.9,,1167.8,21.1,,,7308.4,,478,,905.9,1383.9,,,,,,,,6424.2,12,,,,,,20517.2,16453.4,564138,350499.3,69688.3,135192.6,115585.1,112833.2,2751.9,14945,4662.5,8757.8,574766.2,357034.3,47082.7,7993.1,,11551.6,,3821.9,53027.8,7058.3
г.Москва,2021,97,358,26,34,74,25,28,48,2,315,28,8,7,795231.1,186,37293,795,23198,446,319,7,77,19018,6061,1094,368,70,1814,117,338,89,5,1,45,95,52,27480,1086,,674,29240,537,342,78,124,58,82,73,1329,10813,666,,287,11766,285,197,57,93,18,29,32,231,500,500,,,2715,2715,14,,1685,4,,14,1703,15,1,5335.7,120.8,,39.7,5496.2,1.5,0.5,0.4,0.3,0.3,39.1,3714.8,77.5,,35,3827.3,136.5,7.5,0.2,2.5,1.6,3.2,0.3,25.3,1069.5,44.4,,18.8,1132.7,19.8,2.6,0.2,1.9,0.2,0.3,0.3,5,8322081.1,219836.2,,296773.6,8838690.9,2332,1788.5,445.2,1183.4,118.5,41.4,97421.5,399164.3,14596.5,63768.1,,277567.7,355932.3,2192,,,,,,97421.5,336798.8,237,21,112,,1.2,,841397,3053117.4,42293968.2,23640468.1,5962544.6,12482349.5,10561375.1,9515206.8,1046168.3,1507099.1,413875.3,208606,39641784.3,22078966.1,4516087.7,1774296.1,68742.7,1547313.4,384.5,502222.5,2109698.1,1308091.8
Северо-Западный федеральный округ,2021,77,389,45,42,60,20,42,45,9,277,59,49,4,595516,135,28819,418,10639,184,329,18,31,12366,4567,1027,280,139,857,420,69,114,3,,26,76,56,17963,1655,205,414,20237,645,288,15,139,127,7,84,1088,7831,936,143,129,9039,366,111,2,,107,2,8,223,190,190,4,23,1590,1590,14,121,613,65,,2,680,2,,5306.5,247.9,31.7,39.7,5625.8,81.1,72.7,5.4,2.6,0.4,1025,3693,226.9,30.9,36.5,3987.3,110.5,17.1,8.9,4.6,3,0.6,2.6,124.5,1366.1,114.3,18.3,13.8,1512.5,38.8,7.1,4.3,,2.3,0.5,0.3,22,4502786.8,211237.7,7317.1,244741.7,4966083.3,22875.1,4174.1,1140.8,1803,1226.8,3.5,186579.9,130765.1,133186.1,37915,577.5,199062.3,370740.9,6276.7,392,,,392,,181578.2,80401.4,157,33,5,,1.9,,1975243.1,2238337.2,23496859.3,15884169.6,1455049.5,5977471.7,5621942.9,5505514.3,116428.6,98125.8,257403,180168.5,22712306.5,15669362.4,2934639,124617.6,14724.5,1025412.4,2078.1,95184.3,1129935.7,171997.2
Респ. Карелия,2021,4,4,1,1,2,,1,1,,3,,1,,17197,6,1162,58,88,1,17,1,3,504,217,21,7,2,19,3,4,1,,,2,4,3,815,49,35,9,908,42,7,1,4,,2,,33,461,33,26,1,521,25,1,,,,1,,6,137,137,,19,133,133,,19,35,,,,35,,,138.2,2.3,8.2,3,151.7,1.8,,1.4,,0.4,9,109.6,3.3,6.9,2.7,122.5,4.4,3,1.2,1.4,,0.4,,7.4,57.9,1.4,4.9,0.5,64.7,1.7,0.4,,,,0.4,,1.3,42231.9,550.5,1094.8,1289.8,45167,1289.8,33.5,,30,,3.5,,7522.7,911.5,,400,,1311.5,,,,,,,,,3,,,,,,9108.7,1367.9,438265.9,373784.7,,64236.3,58454.6,56327.1,2127.5,5753.5,28.2,244.9,445469.3,278966.3,15432.7,293.4,45.4,7254.7,,751.4,11924.2,2525.6
Респ. Коми,2021,6,7,3,3,3,,3,2,,4,,3,,20089,10,2169,26,216,1,24,6,1,515,233,31,9,6,53,42,,,,,3,6,6,775,141,55,21,992,33,51,1,,50,,,35,435,21,39,5,500,4,45,,,45,,,3,3,3,,,,,,,,,,,,,,156.8,10.7,7.3,2.7,177.5,1.7,,,1.7,,6.1,98.4,16.2,7,1.1,122.7,6.6,2.3,0.3,,2,,,6.1,41.3,1.5,4.6,0.3,47.7,0.2,1.7,,,1.7,,,0.7,36426.5,1593.3,2358,737.2,41115,22,480,,,480,,,4101.8,,22,,220,242,22,,,,,,,,13,,,,,,16313.4,2846.4,694391,562121.5,69273.3,62787.5,54515.6,51150.5,3365.1,4568,3703.9,208.7,698848,484972.3,16860.7,9557.3,,20754.1,,982.9,28924.2,5083.2
Архангельская обл.,2021,5,8,3,2,4,,1,1,1,8,,,,32115,11,2393,32,442,6,35,,,470,136,33,7,2,6,2,2,7,1,,1,5,4,1087,134,52,10,1283,77,9,9,,,,,183,609,83,33,9,734,59,,,,,,,2,4,4,4,,,,,,,,,,,,,165.4,15.5,9.1,,190,0.8,0.8,,,,16.7,154.6,16.5,9.7,,180.8,7.8,0.1,0.1,,,,,16.7,52.8,13.9,4.1,,70.8,4.5,,,,,,,0.1,57530.4,1743.3,2706.1,364,62343.8,,62.5,62.5,,,,,1949.9,,,,364,364,,,,,,,,986,1,,4,,0.9,,26861.4,117754.7,512961,429908,,82640.5,71151.5,71151.5,,6681.4,4807.6,412.5,509717.7,311875.9,27429.3,3504,,5440.3,,878.9,38200.9,2114.4
Вологодская обл.,2021,8,22,2,1,4,2,3,6,,17,3,2,,22788,13,2512,8,338,,41,1,5,342,123,45,15,,3,21,16,5,1,,1,7,4,1413,54,17,22,1506,118,,,,,,,50,746,30,10,10,796,40,,,,,,,12,4,4,,4,210,210,14,11,7,,,,7,,,256,2.9,0.1,2,261,,,,,,4.3,160.2,4.4,1.7,2.5,168.8,9.7,,,,,,,3.7,88.5,2.6,0.9,0.7,92.7,3,,,,,,,1.7,57826.3,488.3,14,625.2,58953.8,346.6,,,,,,,1719,4590.9,48,,192.2,4831.1,,,,,,,,,9,,,,,,224.5,9653.8,291721.3,221908.6,149.7,62968.5,60366.4,60069.4,297,344.9,2257.2,6694.5,283619.2,181643.9,18413.2,,,14366.2,,2730.3,20998.3,3613.8
Калининградская обл.,2021,5,10,4,4,4,,4,,,5,4,1,,28410,10,1753,9,475,,28,7,1,337,145,23,11,8,13,1,2,7,,,4,5,4,602,35,,1,638,85,,,,,,,47,330,20,,,350,24,,,,,,,12,,,,,151,151,,,10,,,,10,,,109.3,7.5,,,116.8,,,,,,871.9,106.8,6.7,,,113.5,3.9,,,,,,,2.7,49.4,2.2,,,51.6,2.2,,,,,,,1.3,50485.4,564.5,,,51049.9,,,,,,,,568.8,2147.2,111.9,,,2259.1,,,,,,,,,1,,,,,,200.3,11911.7,308787.6,182707,,65419.1,63886.1,61202.1,2684,270,1263,60661.5,305437.5,163642.8,30722.8,6847,2385,26559.1,650,1476,17072,7001.9
Ленинградская обл.,2021,5,16,6,6,9,3,5,4,,11,2,,3,25945,8,982,50,2741,20,18,3,2,509,199,173,21,13,37,1,35,49,1,,3,5,3,1401,274,15,48,1738,53,,,,,,,123,365,151,8,17,541,34,,,,,,,27,5,5,,,538,538,,91,24,,,1,25,,,158.4,43.5,2.2,8.4,212.5,,,,,,68.3,134.1,45.4,2.1,7.6,189.2,35.7,,,,,,,55,25.9,17.9,0.8,4.3,48.9,8.6,,,,,,,7.3,99732.1,4468.9,432.9,7133.7,111767.6,806.7,,,,,,,24402.3,2002.6,1237.1,1.4,3717,6958.1,806.7,,,,,,,2879.6,20,,1,,1,,37741.7,3659.3,689387.8,504343.3,11380,155383.1,154704.9,154615.4,89.5,,678.2,18281.4,709810.2,435887.1,47862,594.4,128.8,6102.2,647.4,125.8,47606.7,15351.9
Мурманская обл.,2021,3,13,1,,2,,1,1,,8,4,1,,18509,5,1154,6,136,,14,,,204,73,29,,15,24,,,,,,,3,2,547,71,31,9,658,78,,,,,,,35,363,33,27,9,432,48,,,,,,,32,,,,,,,,,,,,,,,,130.2,6.5,4.8,,141.5,,,,,,5.8,81.4,10,3.5,,94.9,22.2,,,,,,,5,50.5,4.5,3,,58,8.9,,,,,,,4.6,20857.6,1329.2,711.3,,22898.1,,,,,,,,1371.9,874.3,258.9,176.1,,1309.3,,,,,,,,,9,,,,,,6768.1,2005.6,664516.4,637460,350,26085.1,25818.7,25791.4,27.3,,266.4,621.3,645010,162762.3,8835.1,,,382994,,628.5,16843,54.1
Новгородская обл.,2021,2,4,,,,,,3,,4,,,,13588,4,996,,75,,11,,,108,45,9,3,,6,,,,,,,2,,300,17,,1,318,2,,,,,,,27,194,5,,1,200,2,,,,,,,7,,,,,,,,,,,,,,,,64.1,2.2,,0.3,66.6,,,,,,8.7,33,2.1,,0.1,35.2,0.4,,,,,,,6.2,20.1,0.7,,0.1,20.9,0.4,,,,,,,0.7,7965.3,355.5,,10,8330.8,,,,,,,,2667.5,,,,,,,,,,,,,,1,,,,,,,194,67242.6,54831.6,,12411,11567,11567,,610,234,,66727.6,37214.9,3348,,,412.7,,108.2,4901.2,57.4
Псковская обл.,2021,3,6,1,1,2,1,1,1,,2,,4,,10663,7,935,13,362,54,22,,4,230,66,27,3,,6,,,1,,,,3,,724,9,,13,746,35,40,3,32,1,4,2,16,349,9,,8,366,31,2,1,,,1,2,9,,,,,,,,,,,,,,,,58.5,0.5,,,59,1.1,,1.1,,,2.6,47.2,0.8,,,48,11,7.4,6.2,0.9,0.1,0.2,,2.4,19.8,0.8,,,20.6,2.4,3.3,3.2,,,0.1,,1.1,14867.8,48,,,14915.8,,86.8,,86.8,,,,816.6,189.9,,,,189.9,,,,,,,,10,5,1,,,,,,73.6,260831.3,238520.7,,22305,15819.2,15819.2,,6171.8,314,5.6,259840.1,154600.8,2156.1,,,9057,,27,67480.8,4996.6
Ненецкий а.о.,2021,,,,,,,,,,,,,,,,,,,,,,,,,,,,,,,,,,,,,,,,,,,,,,,,,,,,,,,,,,,,,,,,,,,,,,,,,,,,,,,,,,,,,,,,,,,,,,,,,,,,,,,,,,,,,,,,,,,,,,,,,,,,,,,,,,,,,,,,,,,,,,,,,,,,,,,,,,,,,,,,,,,,,,,,
г.Санкт-Петербург,2021,36,299,24,24,30,14,23,26,8,215,46,37,1,406212,61,14763,216,5766,102,119,,15,9147,3330,636,204,93,690,350,10,44,,,12,36,30,10299,871,,280,11450,122,181,1,103,76,1,82,539,3979,551,,69,4599,99,63,1,,62,,6,113,37,37,,,558,558,,,537,65,,1,603,2,,4069.6,156.3,,23.3,4249.2,75.7,71.9,2.9,0.9,,31.6,2767.7,121.5,,22.5,2911.7,8.8,4.3,1.1,2.3,0.9,,2.6,19.3,959.9,68.8,,7.9,1036.6,6.9,1.7,1.1,,0.6,,0.3,3.2,4114863.5,200096.2,,234581.8,4549541.5,20410,3511.3,1078.3,1686.2,746.8,,186579.9,85644.6,122469.7,36237.1,,194569.1,353275.9,5448,392,,,392,,181578.2,76525.8,95,32,,,,,1878025,2088870.2,19568754.4,12678584.2,1373896.5,5423235.6,5105658.9,4997820.7,107838.2,73726.2,243850.5,93038.1,18787826.9,13457796.1,2763579.1,103821.5,12165.3,552472.1,780.7,87475.3,875984.4,131198.3
Южный федеральный округ,2021,54,125,27,28,48,4,25,33,,91,5,26,3,340545,81,18283,509,3557,153,243,16,18,6615,2529,677,173,42,352,189,131,262,4,3,14,51,39,9955,1146,204,154,11459,696,1111,150,101,842,18,20,365,5325,773,141,74,6313,481,953,42,93,810,8,,73,980,980,,,1652,1652,30,15,133,58,4,,195,28,,1863.5,145.7,42.4,22.7,2074.3,54.6,40.7,1.4,12.5,,33.7,1450.5,244.3,39.5,21.8,1756.1,177.3,114.9,89.5,6.8,17.7,0.9,,34.3,550.1,137.1,23.2,6.9,717.3,102.6,45.1,31.1,1,12.8,0.2,,11.6,692364,33973.3,12635.7,13927.2,752900.2,3255.2,4121.1,25.8,181.8,3913.5,,792.7,24255.2,3082.2,3121.2,159.9,4526.3,10889.6,3255.2,632.4,,,632.4,,792.7,8048.5,35,3,21,19,1.7,0.2,72670.9,63271,5913606.2,4542606.3,260095.4,1080287.8,889669,784655.9,105013.1,181540.3,9078.5,30616.7,5769894.8,3531311.2,644678.4,576906.9,103.2,266158.9,2042.4,20931.8,319752.2,101709.9
Респ. Адыгея,2021,6,13,3,3,4,,2,2,,1,2,9,1,5273,7,1443,30,130,,18,2,8,253,107,68,9,2,19,,,,,,,5,3,229,127,30,,386,130,73,46,,20,7,,,113,45,10,,168,76,23,13,,6,4,,,,,,,,,,,28,20,1,,49,7,,16.2,16,5.6,,37.8,,,,,,,22.9,23.1,5.6,,51.6,20.2,0.9,0.4,,0.3,0.2,,,14.4,11,,,25.4,13,0.7,0.3,,0.2,0.2,,,1669.4,1089.7,653,,3412.1,,,,,,,,,,90,159.9,,249.9,,,,,,,,,,,,,,,2.5,196.3,214964.8,208096.2,2105.6,4049,3949,3412.9,536.1,100,,714,206997,91912.7,1437.1,86964.2,,6340.6,,,1424.2,1004.2
Респ. Калмыкия,2021,3,3,1,1,3,,,,,2,,,1,5809,2,357,3,29,4,9,1,4,215,79,30,,,1,,1,1,,,,2,2,152,13,6,6,177,41,,,,,,,,34,13,3,2,52,25,,,,,,,,,,,,64,64,29,,,,,,,,,14,0.7,0.4,1,16.1,,,,,,,14.5,0.7,0.4,1,16.6,0.5,,,,,,,,2.5,0.7,0.2,0.5,3.9,0.2,,,,,,,,3287,86.1,71.7,229.3,3674.1,,,,,,,,,134.2,,,,134.2,,,,,,,,,2,,,,,,,307,118931.8,81968,32813.6,4000.2,3745.2,3745.2,,,255,150,118528.6,73233.1,105.4,,,31302.6,,,725.8,80
Респ. Крым,2021,8,46,2,2,11,,7,10,,34,1,11,,37727,13,2496,136,915,97,43,3,3,929,271,86,30,2,78,,1,5,,,2,8,6,1538,347,8,38,1931,115,13,,5,6,2,,35,873,213,2,16,1104,104,11,,5,6,,,13,,,,,400,400,1,,38,,,,38,14,,286.1,62.9,2.8,13.4,365.2,,,,,,,181.5,55.1,2.8,13.4,252.8,8.7,,,,,,,,63,25.4,0.6,3.2,92.2,4,,,,,,,,70076.5,15133.7,1123.9,7059.6,93393.7,,,,,,,,2916.3,431.1,,,,431.1,,,,,,,,2916.3,5,,,,,,19519.6,7680.7,691077.2,578882.9,,111775.1,109169.5,90049.5,19120,2332.4,273.2,419.2,677481.1,440345.6,66812.4,54929,,38220.8,,2161.3,15930.8,3547.6
Краснодарский край,2021,7,14,4,3,6,,1,1,,11,2,1,,85221,11,3074,17,525,5,36,1,,1151,480,89,27,8,61,,7,11,,,3,7,5,1135,128,44,2,1309,68,12,,,8,4,,102,566,81,37,,684,53,9,,,7,2,,2,,,,,200,200,,,,,,,,,,293.2,22,16.5,0.8,332.5,0.1,,,0.1,,0.1,188,19.6,13.3,0.6,221.5,2.7,0.1,,,0.1,,,0.2,71.7,10.1,10.6,,92.4,1.9,0.1,,,0.1,,,0.1,98842.8,5298.1,6521.5,250,110912.4,,10.3,,,10.3,,,1337.9,,63.5,,,63.5,,,,,,,,1308.9,1,,,,,,16962.1,1861,1004055.5,880174.5,,122864.2,120663.7,109083.4,11580.3,300,1900.5,1016.8,963928.1,678133,34141.5,448,,7237.7,,506.9,22927.7,2190.8
Астраханская обл.,2021,5,5,4,4,4,1,2,1,,4,,,1,64205,11,2023,32,502,4,26,,2,819,345,24,5,15,38,39,,4,,,1,5,4,1214,92,,18,1324,55,241,94,23,124,,8,33,829,57,,3,889,19,169,25,23,121,,,12,7,7,,,,,,,,,,,,,,203.8,9,,0.3,213.1,23.6,18.9,1,3.7,,5.6,177.1,16.6,,0.3,194,22.4,73,67.3,1,4.7,,,8.4,77.5,6.3,,0.3,84.1,8.7,31.6,26.2,1,4.4,,,4.6,57431.1,3246,,1597.2,62274.3,,1817.8,3,181.8,1633,,780,4602,526.5,285.6,,1535,2347.1,,562.5,,,562.5,,780,2670.3,7,1,,,,,14526.6,8454.1,933728.6,676787.5,3254,246571.7,75217.1,68694.1,6523,170196.3,1158.3,7115.4,933948.2,517314.4,147235.8,,,81794.7,,2219.8,124561.1,47184.8
Волгоградская обл.,2021,12,20,7,8,10,,8,8,,20,,,,46512,17,3510,158,470,17,46,7,1,1307,538,124,29,7,61,8,11,14,3,3,2,11,9,2395,348,85,25,2853,198,313,3,69,236,5,3,63,1334,311,69,9,1723,155,303,3,65,233,2,,27,6,6,,,465,465,,15,30,20,3,,53,7,,300.7,27.7,11.5,1.4,341.3,4.9,4.6,,0.3,,8.7,264.1,98.8,12.3,1.4,376.6,92.4,15.1,4.6,5.4,4.4,0.7,,7.6,109.8,67.3,9,,186.1,57.2,4.9,4.6,,0.3,,,4.1,93798.8,5880.5,3148,1320,104147.3,414.9,174.6,22.8,,151.8,,12.7,2071.1,1696,287.8,,791.3,2775.1,414.9,69.9,,,69.9,,12.7,3,6,1,19,19,0.2,0.2,916.8,8790,794769.8,641071.5,13172.4,127965.9,120687.2,118857.7,1829.5,4551.3,2727.4,12560,784904.1,582530.6,40792.8,,,30570.4,,6066.3,37839.3,16405.3
Ростовская обл.,2021,9,16,6,7,8,3,3,11,,15,,1,,85792,16,4299,131,924,26,48,1,,1541,567,223,64,2,84,142,111,220,1,,5,9,6,2560,70,31,40,2701,46,456,7,4,445,,9,94,1282,50,20,28,1380,23,438,1,,437,,,6,967,967,,,523,523,,,37,18,,,55,,,623.2,4.5,5.6,5.2,638.5,25.6,17.2,0.4,8,,11.1,499.6,20.8,5.1,4.5,530,21.2,25.6,17.2,0.4,8,,,11.1,186.4,14.9,2.8,2.3,206.4,15,7.8,,,7.8,,,0.9,295298.1,646.1,1117.6,1271,298332.8,15,2101,,,2101,,,6595.2,294.4,15,,,309.4,15,,,,,,,948.9,8,1,2,,1.5,,2026.3,32041.3,1778996.8,1235497.6,170190.8,364835.3,362350.7,305786.6,56564.1,960.3,1524.3,8473.1,1723304.9,877644.9,286457.6,434565.7,103.2,62793.5,2042.4,8713.4,87511.4,31003.9
г.Севастополь,2021,4,8,,,2,,2,,,4,,4,,10006,4,1081,2,62,,17,1,,400,142,33,9,6,10,,,7,,,1,4,4,732,21,,25,778,43,3,,,3,,,38,294,3,,16,313,26,,,,,,,13,,,,,,,,,,,,,,,,126.3,2.9,,0.6,129.8,0.4,,,0.4,,8.2,102.8,9.6,,0.6,113,9.2,0.2,,,0.2,,,7,24.8,1.4,,0.6,26.8,2.6,,,,,,,1.9,71960.3,2593.1,,2200.1,76753.5,2825.3,17.4,,,17.4,,,6732.7,,2379.3,,2200,4579.3,2825.3,,,,,,,201.1,6,,,,,,18717,3940.6,377081.7,240128.1,38559,98226.4,93886.6,85026.5,8860.1,3100,1239.8,168.2,360802.8,270196.9,67695.8,,,7898.6,,1264.1,28831.9,293.3
Северо-Кавказский федеральный округ,2021,41,64,5,6,24,5,12,8,7,42,9,12,1,132775,259,14411,545,1094,66,127,14,18,3995,1693,425,114,61,74,2,3,15,5,4,9,41,21,3316,1648,268,71,5303,1037,73,,,54,19,,60,1580,1232,121,38,2971,572,3,,,3,,,12,,,,,,,,,54,3,,,57,,,723.4,128.1,28.1,12.8,892.4,0.2,,,0.1,0.1,6.8,658.6,340.8,48.2,10.7,1058.3,401.9,7.7,,,5.7,2,,6.6,237.1,220.2,11.4,5.2,473.9,173.8,,,,,,,0.9,138481.9,14370.3,4180,3699.9,160732.1,759.7,2.9,,,2,0.9,,1568.9,3096.8,503.4,1326.9,300,5227.1,759.7,,,,,,,568,19,,36,11,2.3,1.1,4535.7,5333.6,2561652.7,2175191.6,186249.4,170743.3,166163.5,163894.8,2268.7,1391.2,3188.6,29468.4,2526981.8,1604453.5,45586.7,56227.5,,197698.7,,8636.1,85100.4,17539.4
Респ. Дагестан,2021,12,22,2,3,10,,2,4,7,19,1,1,1,47074,233,4522,109,543,6,44,9,1,1257,494,120,44,37,25,1,2,7,3,3,3,12,9,1132,385,69,21,1607,343,38,,,38,,,,503,223,1,10,737,143,3,,,3,,,,,,,,,,,,,,,,,,,125.6,31.4,2.2,2.1,161.3,0.1,,,0.1,,,173,50.4,21.8,1.7,246.9,91.7,5.1,,,5.1,,,,60.4,25.3,,1.1,86.8,21.9,,,,,,,,24171.4,3975.2,942,587.9,29676.5,519.8,2,,,2,,,,90,210,299.8,,599.8,519.8,,,,,,,,5,,25,,1.2,,550.3,1231.4,686354.6,629370.5,24041,32672.5,30848.1,29678.4,1169.7,1041.2,783.2,270.6,686275,461150,4197.7,22810.4,,24681.8,,995.7,17895.3,4478.7
Респ. Ингушетия,2021,4,4,1,2,2,,,,,1,2,1,,2800,1,450,,,,5,,2,368,173,42,16,24,12,1,1,4,,,1,4,2,12,15,31,9,67,39,29,,,12,17,,,,8,22,9,39,24,,,,,,,,,,,,,,,,,,,,,,,0.7,1.1,0.7,1.4,3.9,0.1,,,,0.1,,0.9,4.1,0.7,1.4,7.1,3.4,1.4,,,,1.4,,,,1.5,0.6,1.4,3.5,0.4,,,,,,,,244,129.1,98.4,267.3,738.8,,0.9,,,,0.9,,,,,,,,,,,,,,,,1,,,,,,,,231906.9,128216,102951.2,739.7,739.7,739.7,,,,,231804.7,126078.9,29,17697.6,,47818.8,,,17441.6,
Кабардино-Балкарская Респ.,2021,5,5,2,1,4,1,1,,,4,,1,,13116,4,2081,292,,,18,,,430,238,42,10,,,,,,,,1,5,3,369,228,136,3,736,169,,,,,,,1,84,217,69,1,371,123,,,,,,,,,,,,,,,,,,,,,,,83.7,12.4,19,0.6,115.7,,,,,,,87.8,20.4,20.2,0.6,129,29.9,,,,,,,,21.5,18.4,7,0.2,47.1,20.2,,,,,,,,13811.1,833.5,1527,40,16211.6,,,,,,,,20,1943.8,28.5,681.6,,2653.9,,,,,,,,20,1,,,,,,,,239630.5,161295.6,36821.2,16282.2,16232.2,16212.2,20,50,,25231.5,236652.7,155155.2,8697.6,11760.5,,25884.4,,1792.9,7683.9,934.8
Карачаево-Черкесская Респ.,2021,5,7,,,,,,,,,5,2,,9107,2,642,5,,,12,,4,193,69,29,10,,4,,,,,,,5,2,52,198,,21,271,11,,,,,,,,44,146,,17,207,5,,,,,,,,,,,,,,,,,,,,,,,3,14.9,,2.6,20.5,,,,,,,3,14.9,,2.6,20.5,1.4,,,,,,,,2,11,,2.1,15.1,0.3,,,,,,,,276.6,1293.1,,132.9,1702.6,,,,,,,,,,,,,,,,,,,,,,5,,,,,,2160.1,103,83438.4,80455.5,1434,1548.9,1539.9,1539.9,,,9,,82585.1,71734.9,69,,,1985.7,,,1309.7,429.7
Респ. Северная Осетия-Алания,2021,6,13,,,4,3,5,2,,11,,2,,25712,9,2994,133,459,60,15,1,6,893,401,80,8,,,,,2,,,2,6,,455,319,4,8,786,2,,,,,,,27,152,301,4,1,458,,,,,,,,4,,,,,,,,,44,,,,44,,,182.1,33.3,0.3,3.6,219.3,,,,,,6.8,91.4,31.3,0.3,1.9,124.9,0.1,,,,,,,6.6,30,29.1,0.3,0.4,59.8,,,,,,,,0.9,27542.1,4265.1,372,1300.9,33480.1,50,,,,,,,1067.9,301,,,300,601,50,,,,,,,67,4,,,,,,245.2,1267.7,649469.8,589258.4,21002,36580.4,36280.4,35201.4,1079,300,,2629,638116.6,395091.5,6595.4,,,63322.6,,3876.8,5785.4,4360
Чеченская Респ.,2021,6,8,,,1,,1,,,3,1,4,,20236,7,2316,2,92,,17,2,5,442,167,50,15,,28,,,2,1,1,,6,3,511,400,,9,920,379,,,,,,,27,342,275,,,617,219,,,,,,,8,,,,,,,,,,3,,,3,,,39.8,23.7,,2.5,66,,,,,,,113.8,192.9,,2.5,309.2,243.3,,,,,,,,50.1,127.1,,,177.2,124.1,,,,,,,,13265.4,2167.7,,1370.9,16804,189.9,,,,,,,,,189.9,,,189.9,189.9,,,,,,,,3,,11,11,1.1,1.1,846.2,425.5,329731.5,310827.5,,18904,16804,16804,,,2100,,317027.9,172375.8,2253.7,,,22236.2,,,14512,4222.7
Ставропольский край,2021,3,5,,,3,1,3,2,,4,,1,,14730,3,1406,4,,,16,2,,412,151,62,11,,5,,,,1,,2,3,2,785,103,28,,916,94,6,,,4,2,,5,455,62,25,,542,58,,,,,,,,,,,,,,,,10,,,,10,,,288.5,11.3,5.9,,305.7,,,,,,,188.7,26.8,5.2,,220.7,32.1,1.2,,,0.6,0.6,,,73.1,7.8,3.5,,84.4,6.9,,,,,,,,59171.3,1706.6,1240.6,,62118.5,,,,,,,,481,762,75,345.5,,1182.5,,,,,,,,481,,,,,,,733.9,2306,341121,275768.1,,64015.6,63719.2,63719.2,,,296.4,1337.3,334519.8,222867.2,23744.3,3959,,11769.2,,1970.7,20472.5,3113.5
Приволжский федеральный округ,2021,132,224,53,57,93,7,69,71,11,188,22,12,2,684917,224,47168,1618,6034,685,632,32,37,15254,5584,1468,259,236,892,734,268,804,6,4,43,130,83,28173,4247,856,517,33793,2395,1806,455,315,781,255,6,862,15436,2677,444,266,18823,1191,1306,408,157,609,132,1,234,644,644,1,71,4370,4370,80,197,1783,314,95,77,2269,41,1,4629.9,597.1,128.9,100.9,5456.8,32.9,8.6,4.6,17.5,2.2,140.6,4151.3,800.3,131.8,91.6,5175,600.2,101.5,28.1,31.8,33.1,8.5,1.7,140.1,1805,482.8,62.7,38.1,2388.6,268.6,73,13.7,29.7,27.2,2.4,,28.3,1591840.1,112719.3,30948.8,31080.7,1766588.9,9107.4,4248.7,281,1799.4,2010.2,158.1,,88445.5,25777.7,10991.5,4131,9239.8,50140,9107.4,189.9,,,189.9,,,26471.8,188,5,114,109,2.3,1.9,359775.4,154767.4,13297113.7,10225503.6,942330.8,2105896,1917385.2,1876133.9,41251.3,160661.1,27849.7,23383.3,13087132.8,8687676,917664.9,233902.3,4317.8,625841.3,3676.1,66627.8,833275.1,185391.4
Респ. Башкортостан,2021,14,16,4,8,12,,7,9,,15,,1,,90476,22,5004,513,848,204,67,2,3,2035,758,210,27,2,62,39,212,18,1,1,4,13,8,3276,680,297,39,4292,113,2,,,,2,2,55,1822,482,148,8,2460,106,2,,,,2,1,4,241,241,,,730,730,,10,352,21,,,373,,,604.8,164.2,53.7,7.7,830.4,,,,,,7.8,542.2,209,51.9,8.9,812,76.6,0.5,,,,0.5,1.3,7.8,252.7,134.4,25.6,1.9,414.6,70.9,0.5,,,,0.5,,1.7,148987.3,17112.4,8096.6,4802.3,178998.6,,,,,,,,8017.2,1934.6,1826.3,85.6,,3846.5,,,,,,,,4053.8,16,1,5,,0.4,,56043.5,9410.6,1840574.2,1588400.5,51086.9,195623.5,190247,184115.3,6131.7,3976.1,1400.4,5463.3,1778814.4,1179168.9,52649.1,43985.6,,51841.6,6.4,6003.2,68442.2,13053.4
Респ. Марий Эл,2021,6,9,4,1,5,,1,2,,7,,1,1,38756,8,2367,87,106,,28,2,,725,352,81,19,,3,,1,4,2,1,3,6,3,1094,300,27,6,1427,6,,,,,,,9,600,187,7,3,797,3,,,,,,,6,,,,,14,14,,,6,,,,6,,,181.6,32.5,5.7,1,220.8,,,,,,0.6,164.1,30.2,5.7,1,201,0.2,,,,,,,0.6,69.8,17.5,0.6,0.3,88.2,0.1,,,,,,,0.6,49903.9,4807.6,7055.9,187,61954.4,,,,,,,,146.1,3591.9,225.9,1649.7,,5467.5,,,,,,,,,2,,2,2,0.6,0.6,1648,1130.3,519344.9,404556,41339.5,73449.4,71596.4,69878.3,1718.1,80,1773,,519407.2,343228.8,28112.1,,,44788.3,,1725.9,77948.7,26771.3
Респ. Мордовия,2021,5,5,1,1,3,,2,1,,4,,1,,24505,5,1772,8,,,20,,1,598,240,27,14,50,,,,3,,,2,5,3,987,211,,41,1239,66,125,25,26,20,54,,22,579,173,,14,766,56,6,,6,,,,4,,,,,,,,,,,,,,,,91.9,16.4,,8.6,116.9,,,,,,4.6,95.7,35.7,,8.6,140,23.8,11.5,6.5,,1.7,3.3,,4.6,45.1,26.9,,2.4,74.4,22.2,,,,,,,0.4,20366.2,2674.7,,1540.2,24581.1,158,,,,,,,1131,32,126,,188.1,346.1,158,,,,,,,188.1,17,,,,,,646.9,862.6,362397.2,326391.2,1573.3,25237.8,24908.8,24878.7,30.1,154,175,9194.9,358326.5,268335.7,1557.6,,,14196,,1084.1,10955.4,6385.8
Респ. Татарстан,2021,21,54,7,7,12,,28,22,10,47,6,1,,114159,29,6902,259,1172,408,98,7,20,2417,813,250,59,20,46,41,8,22,,,9,20,2,4595,619,344,58,5616,361,80,1,,75,4,1,143,2084,311,191,22,2608,156,63,,,63,,,29,,,,,,,,,450,137,71,21,679,13,1,790.5,60.9,49.5,7.9,908.8,0.3,0.3,,,,23.7,742.6,69.1,50.1,7.7,869.5,53.7,0.3,0.3,,,,,23.7,256.1,44.4,25.7,1.8,328,26.6,,,,,,,4,357417.5,11597.5,11485.8,1297.1,381797.9,1905.8,239.9,80,,159.9,,,5499.9,8406.9,1988.5,1797.7,205.9,12399,1905.8,159.9,,,159.9,,,,35,1,,,,,27327.2,36323.7,2277959.4,1522611.5,315266.6,436342.1,353260.9,350227.5,3033.4,80247.2,2834,3739.2,2183095.5,1638739.6,190252.9,2839.1,277,103427.6,,12244.9,96156.5,10907.2
Удмуртская Респ.,2021,7,9,4,5,6,,1,2,,9,,,,31645,14,2619,72,414,8,29,,2,901,350,138,10,21,19,565,9,614,2,1,3,7,5,1517,35,,5,1557,48,8,,8,,,,23,837,28,,2,867,5,8,,8,,,,19,12,12,,,750,750,1,23,41,1,,,42,1,,251,4.7,,0.7,256.4,0.2,,0.2,,,2.8,261,5.8,,0.7,267.5,27.2,0.2,,0.2,,,,2.6,104.6,5.1,,0.2,109.9,4.2,0.2,,0.2,,,,2.4,98657.8,834.6,,85.7,99578.1,570.9,8.7,,8.7,,,,791.1,4903.2,48,,50,5001.2,570.9,,,,,,,,5,,,,,,1057.6,5680.2,585369.8,461952.7,11798,111315.7,106239.6,104767.2,1472.4,1850.4,3225.7,303.4,566292.1,375324.6,19465.7,,,9266.5,,6231.2,25022.6,19733.5
Чувашская Респ.,2021,6,8,,2,5,,3,3,,7,1,,,32888,38,2502,95,189,,35,3,,621,303,56,9,25,59,1,5,7,,,2,6,6,1406,515,,80,2001,84,,,,,,,38,952,381,,56,1389,57,,,,,,,8,,,,,190,190,,,50,19,,1,70,,,312.7,116.4,,23.6,452.7,,,,,,13.4,241.7,105.4,,18.5,365.6,36.9,,,,,,,13.3,139.4,70.6,,14.4,224.4,20.1,,,,,,,1,45405.7,12662.1,,2088.4,60156.2,661,,,,,,,1218.6,1184.8,1090,,50,2324.8,661,,,,,,,,17,,,,,,35679.1,3487.4,531673.9,459202.1,9050.7,62790.7,59197.5,59045.3,152.2,930,2663.2,630.4,537898.8,374308.4,14808.7,5817.8,829.8,38611.4,,4562.8,16576.6,5357.4
Пермский край,2021,13,28,7,7,10,,7,5,1,25,1,1,1,59852,25,4433,108,907,9,90,1,2,1590,649,176,19,87,39,5,5,13,,,4,13,9,3637,494,82,63,4276,967,618,221,36,244,117,1,99,1724,126,22,12,1884,449,580,221,19,239,101,,33,195,195,,16,695,695,,36,61,,,,61,,,509.5,56.8,7.5,11.4,585.2,2.7,,,2.7,,15.4,550.5,75,9.7,11.4,646.6,147.1,7,,,7,,,14.7,213.4,11.9,2.5,0.7,228.5,26.3,7,,,7,,,3.3,265160.5,36120.1,1832.5,10195.6,313308.7,487.8,550.4,,,550.4,,,4578.2,1088.1,30.5,445.6,8458.9,10023.1,487.8,,,,,,,49,35,1,,,,,122343.6,21304,1887870.9,1361851,135675.3,387451.1,329805.1,327342.7,2462.4,52287.3,5358.7,2893.5,1976074.5,1073141.5,175239.7,87128.9,4.6,105184.6,,18757.8,237625.5,46479.2
Кировская обл.,2021,3,5,,2,3,2,,3,,5,,,,17742,5,1481,24,204,4,18,,,276,84,14,1,,19,,3,9,,,1,3,2,791,40,,17,848,5,129,1,39,39,50,,25,514,36,,9,559,5,92,1,39,39,13,,25,,,,,133,133,,,,,,,,,,149.9,9.1,,2.9,161.9,6.7,5.7,0.3,0.1,0.6,4.4,155.1,9.1,,2.9,167.1,5.9,38.8,5.7,25,6.9,1.2,,4.4,90.4,6.9,,0.9,98.2,5.9,37.7,5.7,25,6.9,0.1,,4.4,36550.6,1466.1,,2125.4,40142.1,,287.5,122.7,13.3,17.5,134,,922.6,,,,,,,,,,,,,,8,,,,,,4813,4648.6,229980.6,153085.7,27562,49155.9,47561,43833.9,3727.1,,1594.9,177,227583,123338.9,20007,,,12297.2,,170.6,9433,256
Нижегородская обл.,2021,13,21,3,3,6,1,5,10,,18,1,2,,66713,21,6249,67,934,14,57,5,,1505,516,152,23,13,138,21,1,8,,,3,13,11,2664,89,24,49,2826,47,45,,,43,2,,111,1579,69,22,33,1703,24,42,,,42,,,26,49,49,,3,,,,,247,32,21,10,310,,,650.8,17.4,2.6,9.3,680.1,0.8,,,0.7,0.1,19.2,408.2,17.9,3.4,8.8,438.3,12.2,1.2,,,1.1,0.1,,20.1,180,10.2,2.8,4.2,197.2,6,0.8,,,0.8,,,2.4,196784.2,5804.7,597.8,2670.7,205857.4,715,361.6,,,353.2,8.4,,26636,100.1,1115,65,,1280.1,715,30,,,30,,,11594.9,10,,,,,,72030.2,21415.5,1470297.7,1146738.9,53388.5,269988.6,266456.9,251285,15171.9,2245.2,1286.5,181.7,1365737.1,1037244.2,76765.5,8585.5,1944.4,52840.7,,6844.9,56784.3,21704.7
Оренбургская обл.,2021,7,10,2,1,5,,1,4,,10,,,,29502,9,2352,48,100,,28,,,692,210,93,15,,7,,,9,,,2,7,6,1268,51,21,47,1387,40,446,39,46,335,26,1,39,685,40,16,23,764,13,297,23,42,216,16,,6,,,,,,,,,52,1,,9,62,,,234.5,8.6,3.2,12.5,258.8,18.8,2,1.3,14,1.5,1.6,203.2,8.4,3.2,11.8,226.6,2.6,36.7,13.2,4.1,16,3.4,0.3,1.6,95.1,3.8,2.3,5.5,106.7,0.8,24.9,7.4,3.6,12.1,1.8,,0.4,72021.1,1302.2,582.6,2527,76432.9,,1020.9,61.3,14.7,929.2,15.7,,1024.6,,,,,,,,,,,,,401.8,10,1,,,,,1877.3,15503.6,606477,436266.7,84958.4,85224.9,83668.5,83247.5,421,1215,341.4,27,605505.6,293233,31419.7,60948,1200,23737.6,2896.2,2400.9,27867.4,2230.4
Пензенская обл.,2021,5,6,1,3,2,1,,1,,6,,,,20635,6,1435,15,100,,18,4,,373,111,39,6,3,195,1,6,1,,,,5,3,1078,132,,21,1231,28,3,3,,,,1,63,741,128,,20,889,23,,,,,,,11,122,122,1,52,122,122,1,52,92,82,,1,175,11,,62,11.8,,,73.8,,,,,,0.1,63.7,10.5,,,74.2,4,,,,,,0.1,0.1,40.7,10.4,,,51.1,3.7,,,,,,,,18630.7,1836.7,,157.5,20624.9,75,,,,,,,2968.7,150,50,,157.5,357.5,75,,,,,,,2954,6,1,,,,,13836,7696.1,208577.2,170841.3,10766,26867.7,25941.4,25211.8,729.6,108,818.3,102.2,228412.8,154405.6,16744.6,13377.8,,5436.3,,371.9,6063,2090.2
Самарская обл.,2021,17,32,9,6,8,3,7,3,,18,10,4,,77666,20,4539,64,409,2,73,1,3,1648,575,113,28,1,207,60,6,46,1,1,5,17,13,3042,673,14,33,3762,463,349,164,160,25,,,109,1708,442,11,23,2184,257,215,162,43,10,,,31,25,25,,,643,643,58,22,187,,,,187,3,,410.4,67.5,1,3.6,482.5,3,0.2,2.8,,,22.2,389.1,169.8,0.8,2.9,562.6,177.3,4.9,2,2.5,0.4,,,23.4,151,112.8,0.6,1.4,265.8,77.1,1.5,0.2,0.9,0.4,,,3.7,191953.5,12444.4,107.2,861,205366.1,4533.9,1779.7,17,1762.7,,,,16895.3,4082.4,4216.8,69.2,129.4,8497.8,4533.9,,,,,,,5079,10,,107,107,1.3,1.3,6742.5,20324.1,1402905.8,1138793.4,16479.1,247391.6,235544.4,234117.8,1426.6,6498.5,5348.7,241.7,1370679.7,909660.8,138769.3,599.7,,24743.1,773.5,1201.5,127990.3,10757.2
Саратовская обл.,2021,11,13,6,6,9,,4,3,,11,2,,,63781,15,4246,118,561,6,50,3,4,1492,518,101,26,13,77,1,11,32,,,2,11,9,1936,201,41,52,2230,158,1,1,,,,,106,1030,79,24,40,1173,34,1,1,,,,,30,,,,,623,623,20,54,245,21,3,35,304,13,,273.8,9.6,5.4,9.5,298.3,0.4,0.4,,,,19,238.1,33.8,5.4,7.2,284.5,30.7,0.4,0.4,,,,,17.6,119.2,8.6,1.9,4.2,133.9,4.3,0.4,0.4,,,,,3.6,69975.1,1409,1008.4,1729.8,74122.3,,,,,,,,12488,303.7,274.5,18.2,,596.4,,,,,,,,2151.2,14,,,,,,15339.1,6344.2,953230.8,690642.4,159460.3,102811.4,92212.1,88694.8,3517.3,9569.4,1029.9,316.7,952519.4,694520.1,146082.6,10349.9,62,37995.2,,4277.6,38708.2,16355.5
Ульяновская обл.,2021,4,8,5,5,7,,3,3,,6,1,1,,16597,7,1267,140,90,30,21,4,2,381,105,18,3,1,21,,1,18,,,3,4,3,882,207,6,6,1101,9,,,,,,,20,581,195,3,1,780,3,,,,,,,2,,,,,470,470,,,,,,,,,,106.5,21.2,0.3,2.2,130.2,,,,,,5.8,96.1,20.6,1.6,1.2,119.5,2,,,,,,,5.6,47.5,19.3,0.7,0.2,67.7,0.4,,,,,,,0.4,20026,2647.2,182,813,23668.2,,,,,,,,6128.2,,,,,,,,,,,,,,3,,,,,,391.4,636.5,420454.3,364170.2,23926.2,32245.6,30745.6,29488.1,1257.5,1500,,112.3,416786.2,223025.9,5790.4,270,,101475.2,,750.5,33701.4,3309.6
Уральский федеральный округ,2021,54,96,25,28,34,3,13,29,4,77,3,13,3,270665,90,16343,320,3342,194,279,15,7,5560,1950,553,95,143,380,43,44,119,1,,21,53,44,13952,1368,181,202,15703,801,639,102,130,393,14,3,480,8381,1094,137,126,9738,594,448,69,73,302,4,,303,159,159,6,,1864,1864,70,23,901,81,52,1,1035,108,,1787.4,131.8,19.3,44.1,1982.6,26.4,10.2,12.1,3.3,0.8,45,1793.4,281.7,20.2,43.9,2139.2,288.3,94.6,73.5,10.5,9.8,0.8,0.4,57.6,839.8,105.6,13.5,24.1,983,79.5,67.9,56.2,2.5,9,0.2,,26.8,747231.3,24100.3,8614.3,13329,793274.9,3654.5,4288.6,30,3094.3,1127.9,36.4,,36987.4,9480.1,4886.7,2326.3,4587.5,21280.6,1868.1,475.2,,,475.2,,,6811.2,69,3,,,,,201953.6,81244.5,5580678.6,4225592.7,344614.7,1002404.1,934651.2,910697.1,23954.1,57339.5,10413.4,8067.1,5539961.1,3824459.1,294277.9,147420.1,16937.7,193896.6,8152.6,41891,274755.8,89865.2
Курганская обл.,2021,3,5,,1,1,,3,3,,5,,,,8933,7,1027,6,298,10,26,,,191,70,30,9,,,,1,,,,1,3,2,647,54,,17,718,11,,,,,,,,438,31,,12,481,10,,,,,,,,,,,,,,,,,,,,,,,57.2,8.3,,0.2,65.7,,,,,,,54.8,8.6,,0.2,63.6,1.2,,,,,,,,30,6.2,,0.1,36.3,0.8,,,,,,,,17676,1050.5,,234.2,18960.7,,,,,,,,,,,,,,,,,,,,,,5,,,,,,,450.6,137560.5,95234.4,21972.1,20351.2,19991,19991,,112.8,247.4,2.8,132895.3,74757.2,2130.8,4474,264,15633.9,3928,3972,10398.2,2878
Свердловская обл.,2021,20,39,12,10,14,2,4,11,2,26,1,10,2,109737,31,7159,142,813,70,112,6,4,2394,897,206,39,86,205,20,10,63,1,,7,20,16,5974,317,36,118,6445,181,121,24,40,48,9,,395,3154,249,25,73,3501,74,103,19,39,45,,,279,6,6,,,938,938,12,,180,26,2,,208,20,,841.5,28.7,4.6,39,913.8,3.6,0.8,0.9,1.3,0.6,36.6,847.4,28.2,4.3,38.8,918.7,64.2,61.6,58.7,1.1,1.2,0.6,,48.6,352,16.7,2.8,20.9,392.4,11.3,49.4,47.5,0.8,1.1,,,25.8,349370.5,5137,1143.8,8613.3,364264.6,,380.7,30,12.3,319.4,19,,20831.1,3299.4,386.2,189,1188.3,5062.9,,10,,,10,,,5441.2,37,,,,,,68939.4,44090.4,2296836.3,1517700.6,317848.2,456511.8,440291.2,426290.9,14000.3,12627.5,3593.1,4775.7,2299634.2,1592393.6,150837.8,67746.2,100,79956.9,24.5,11395.6,126029.4,33811.5
Тюменская обл.,2021,5,11,3,3,3,,,1,2,9,1,,1,42333,9,1711,67,437,16,22,3,1,392,128,37,12,1,24,16,22,12,,,2,5,4,1612,154,38,38,1842,123,98,21,1,72,4,,21,966,107,29,16,1118,114,73,6,,63,4,,1,,,,,,,,,,,,,,,,270.3,10.2,6.4,3.2,290.1,1,,,0.8,0.2,0.3,275.5,166.3,6.4,3.2,451.4,169.5,13,5.4,,7.4,0.2,,0.9,142.1,22.1,4.7,1.6,170.5,29.2,8.5,1.3,,7,0.2,,,175240.9,1735.4,2279.1,4170.2,183425.6,,243.5,,,226.1,17.4,,2348.4,1885.8,375,37,3275.7,5573.5,,25,,,25,,,812.2,7,,,,,,51710.8,5304.8,553893.3,359071.5,1617.5,193204.3,190464.2,187070,3394.2,1303.9,1436.2,,518342.8,314893,52739.1,766.4,766.4,5342.1,,1776.7,31162.9,27346
Челябинская обл.,2021,16,29,6,7,7,1,6,9,,29,,,,81501,29,5101,66,1478,80,80,3,,1959,654,202,25,12,58,6,4,38,,,6,16,13,3792,570,56,24,4442,324,351,45,83,222,1,2,53,2261,474,43,22,2800,262,236,44,34,158,,,14,8,8,,,176,176,1,14,344,23,34,,401,29,,527.7,64.5,5.7,1.7,599.6,18.9,7.4,11,0.5,,7.2,522.7,53.7,5.3,1.7,583.4,42,17.1,7.4,9.2,0.5,,0.4,7.2,252.8,42.4,2.7,1.5,299.4,31.1,9.6,7.4,1.7,0.5,,,0.5,171203.5,10567.3,3283.2,311.3,185365.3,2230.3,3563,,3082,481,,,12325.8,1388.2,2537.5,651.8,123.5,4701,443.9,440.2,,,440.2,,,557.8,15,2,,,,,80689.9,29071,1655954.6,1374637,1128.8,277876.1,238160,233418.8,4741.2,38493,1223.1,2312.7,1667788.2,1166143.2,81456.9,74330.5,15759.3,65591.9,874.4,23626.1,88210,21451.2
Ханты-Мансийский а.о-Югра,2021,10,12,4,7,9,,,5,,8,1,3,,28161,14,1345,39,316,18,39,3,2,624,201,78,10,44,93,1,7,6,,,5,9,9,1927,273,51,5,2256,162,69,12,6,51,,1,11,1562,233,40,3,1838,134,36,,,36,,,9,145,145,6,,750,750,57,9,377,32,16,1,426,59,,90.7,20.1,2.6,,113.4,2.9,2,0.2,0.7,,0.9,93,24.9,4.2,,122.1,11.4,2.9,2,0.2,0.7,,,0.9,62.9,18.2,3.3,,84.4,7.1,0.4,,,0.4,,,0.5,33740.4,5610.1,1908.2,,41258.7,1424.2,101.4,,,101.4,,,1482.1,2906.7,1588,1448.5,,5943.2,1424.2,,,,,,,,5,1,,,,,613.5,2327.7,936433.9,878949.2,2048.1,54460.7,45744.8,43926.4,1818.4,4802.3,3913.6,975.9,921300.6,676272.1,7113.3,103,48,27371.8,3325.7,1120.6,18955.3,4378.5
Ямало-Ненецкий а.о.,2021,,,,,,,,,,,,,,,,,,,,,,,,,,,,,,,,,,,,,,,,,,,,,,,,,,,,,,,,,,,,,,,,,,,,,,,,,,,,,,,,,,,,,,,,,,,,,,,,,,,,,,,,,,,,,,,,,,,,,,,,,,,,,,,,,,,,,,,,,,,,,,,,,,,,,,,,,,,,,,,,,,,,,,,,
Сибирский федеральный округ,2021,80,161,27,31,53,3,29,62,3,142,5,11,3,387835,125,26086,417,4993,130,427,14,20,9331,3291,810,173,85,611,124,51,203,4,3,20,77,62,18864,2525,500,263,22152,1256,449,94,41,235,79,28,907,10512,1743,320,144,12719,697,216,19,,169,28,,134,415,415,12,,681,681,4,23,1787,49,,18,1854,62,,2786.9,269,72,29,3156.9,0.8,0.1,0.1,0.5,0.1,86.7,2701.5,338.1,68.7,27.4,3135.7,286.9,25.6,12.2,0.6,10.7,2.1,0.4,102.7,1136.5,198.2,38.5,15,1388.2,132.6,9.6,1.4,,8.1,0.1,,11.7,1276299.1,52849.8,14242.3,14099.1,1357490.3,5403.3,1267.2,1.5,1.5,272.9,991.3,1013.4,124768,10756.9,1859.9,70,6120.2,18807,2187.4,987.3,,,,987.3,1013.4,40531,76,4,26,17,8.3,0.3,539494,193536.1,10984706,9099527.3,176731.9,1699544,1589855.7,1530708.2,59147.5,71721.7,37966.6,8902.8,10495451.3,6836367.9,601379.7,542326.1,39199.6,471992,8355.5,60565.3,715110,161309.6
Респ. Алтай,2021,1,1,,,1,,,1,,,,1,,5513,1,414,1,,,7,,,57,32,3,4,,,,,,,,,1,1,90,7,,5,102,,,,,,,,,45,4,,,49,,,,,,,,,,,,,,,,,,,,,,,,12.3,0.3,,1.1,13.7,,,,,,,12.3,0.3,,1.1,13.7,,,,,,,,,6.5,0.2,,,6.7,,,,,,,,,1488.3,52,,136.2,1676.5,,,,,,,,,83,20,,,103,,,,,,,,,5,,,,,,,,37804.3,33275.3,,1676.5,1676.5,1676.5,,,,2852.5,37804.3,28375.1,48.8,69.4,,2915.5,,,1302.6,371.9
Респ. Тыва,2021,6,7,1,1,2,,1,2,,4,,1,2,7764,6,1144,1,,,16,2,3,241,74,18,5,1,15,7,6,3,,,1,4,3,409,83,28,1,521,91,22,,,,22,,,137,45,2,,184,50,7,,,,7,,,104,104,12,,80,80,,,80,,,,80,,,42.5,2.6,0.8,0.5,46.4,,,,,,,62.5,12.1,4,0.5,79.1,35.3,,,,,,,,19,6,0.2,,25.2,10.5,,,,,,,,9034.3,256.9,85,3,9379.2,,,,,,,,,240,,,,240,,,,,,,,,1,,,,,,3048,84.5,181885.6,152859.4,17348.8,11630.5,11330.5,11269.5,61,300,,46.9,180662.7,124461.4,130.9,,,8242.2,,1234.5,1070,70
Респ. Хакасия,2021,4,7,1,1,3,,,4,,6,,1,,22735,7,1370,,231,,20,,,288,110,47,5,,29,,,2,,,,4,4,472,350,17,34,873,68,245,55,4,154,32,,42,299,248,12,23,582,43,139,13,,105,21,,14,,,,,,,,,19,14,,,33,,,45.3,46.2,0.9,5.9,98.3,,,,,,3.4,54.8,46.9,0.9,5.9,108.5,19.8,16.4,5.9,0.4,9,1.1,,4.1,30.1,36.3,0.7,3.8,70.9,15.3,8.8,1.3,,7.4,0.1,,1.6,7192.7,3746.2,63.4,831.7,11834,,,,,,,,1561.1,,,,,,,,,,,,,,4,,,,,,,1417.4,264167.8,228532.9,16895,18486.2,13881.9,13395.1,486.8,4495,109.3,253.7,262645.3,157396.1,1539.9,1799.9,,27600,,925.9,7609.5,2123
Алтайский край,2021,7,11,4,5,6,,4,1,,11,,,,37405,18,3067,120,2042,100,41,1,1,679,235,66,18,7,38,,,11,,,1,7,7,1906,25,3,20,1954,100,8,3,,5,,,57,1332,25,2,16,1375,87,8,3,,5,,,7,,,,,,,,,744,4,,2,750,42,,345.7,6.4,1.2,6.2,359.5,,,,,,0.4,315.6,5.9,0.9,4.5,326.9,54.8,,,,,,,3.5,174.1,5.9,0.6,3.1,183.7,35.7,,,,,,,0.2,83472.6,811.3,175.4,1855.2,86314.5,1019.8,,,,,,,2682.8,1419.8,200,,,1619.8,1019.8,,,,,,,2667,5,,,,,,3078.3,15372.1,596417.2,486192,11221.5,98234.7,92781,87025.5,5755.5,2962.5,2491.2,769,581863.7,283784.1,29813.6,28510,,81907.8,,2650.7,27073.5,8326.6
Красноярский край,2021,14,38,6,5,10,,4,19,,35,,3,,72437,21,4896,47,353,2,87,1,,2031,767,170,38,6,241,28,20,48,2,2,4,14,12,3508,416,239,17,4180,48,11,1,3,7,,24,41,1858,260,169,3,2290,28,8,1,,7,,,14,276,276,,,276,276,,,404,,,,404,,,525.9,54,37.9,4.3,622.1,0.1,,,0.1,,1.3,507.1,52.1,33.4,4.3,596.9,3,0.1,,,0.1,,,1.3,182.6,24.9,21.7,1,230.2,1.8,0.1,,,0.1,,,0.2,206674.9,10075.8,6589.3,634.7,223974.7,181.6,9.9,,,9.9,,1013.4,867.2,856.1,203,,,1059.1,181.6,,,,,,1013.4,789.5,8,2,2,1,0.1,0.1,32912.3,43805.6,2827126.8,2513793.7,22589.4,289955,248984.5,235669.5,13315,30610.6,10359.9,788.7,2825688.7,1966369.6,73492,79268.4,,113105.2,6400.3,22615.2,183823.7,27397.1
Иркутская обл.,2021,10,22,1,3,7,1,5,11,3,21,,1,,45697,16,2663,36,568,21,48,4,4,1063,355,112,23,17,26,8,18,72,,,2,10,7,1758,336,93,56,2243,110,7,7,,,,,104,829,253,74,33,1189,69,1,1,,,,,37,,,,,322,322,4,23,119,2,,1,122,7,,257.9,19.6,7.9,0.9,286.3,,,,,,10.2,247.4,22.4,8.6,1,279.4,11.2,,,,,,,9.5,81.7,14.7,5.2,1,102.6,5.7,,,,,,,3.9,109122.4,4208,2140.2,668.9,116139.5,,,,,,,,8531,27.9,,,180.6,208.5,,,,,,,,4527.3,8,,,,,,1700.7,8221.8,1072264,913271.8,858.8,156532.5,130162.6,128259.8,1902.8,11897.2,14472.7,1600.9,1062082,769276.6,48267,9137.7,306.3,56679.1,370,7138.4,39372.5,5081.1
Кемеровская обл. - Кузбасс,2021,7,17,5,6,6,,4,2,,17,,,,39545,11,2783,61,480,,42,1,,798,261,57,20,5,27,41,,5,,,4,7,6,2364,508,19,32,2923,261,53,,,53,,,77,1530,395,8,26,1959,146,52,,,52,,,2,11,11,,,,,,,116,,,,116,,,272,44.5,5.4,2.4,324.3,0.3,,,0.3,,26.6,298.3,79.3,5.4,2.4,385.4,78.9,0.9,,,0.9,,,26.6,154.1,37.9,1.7,2.4,196.1,30.5,0.6,,,0.6,,,1,107037.6,9274.8,2826.5,611.8,119750.7,2466.4,261,,,261,,,30861.2,544.3,382.7,,,927,15,,,,,,,54.9,7,,,,,,1129.8,9462.2,726189.4,559443.4,1853,164761.8,155988.7,150292.5,5696.2,5139.3,3633.8,131.2,722544.4,448498.4,56060.8,12781.4,,50776.4,468.8,3853.8,27051.9,14119.3
Новосибирская обл.,2021,13,23,5,4,7,1,4,7,,17,4,2,,73230,16,4181,67,538,6,54,4,5,2131,820,171,26,28,79,39,3,46,1,,3,12,11,3744,358,54,28,4184,149,86,27,32,12,15,4,374,1780,256,41,2,2079,42,,,,,,,7,11,11,,,,,,,53,,,,53,,,753.3,34.3,5.5,3.2,796.3,,,,,,18.3,720.4,35.4,5.5,3.2,764.5,37,7,6.2,0.1,0.6,0.1,0.4,16.6,260.9,26.6,3.8,,291.3,10,,,,,,,0.3,588825.2,10088.2,1242.7,5112.3,605268.4,136,987.3,,,,987.3,,40270.7,5756.4,624.8,,2630,9011.2,136,987.3,,,,987.3,,20306.9,20,2,8,,8,,487862.5,95332.8,3564281.2,2844111.5,10000,708184.6,694650.3,680372.5,14277.8,11059.1,2475.2,1985.1,3122950.7,1873888.4,272819.7,340537.5,38819.5,48928.3,740,17276.7,348931,73945.5
Омская обл.,2021,10,22,3,4,9,,6,12,,21,1,,,51823,16,2997,71,410,,74,1,7,1442,443,103,26,21,112,,2,11,1,1,4,10,5,2990,360,47,49,3446,298,,,,,,,112,1709,217,12,27,1965,191,,,,,,,22,,,,,,,,,184,29,,15,228,13,,365.4,45.4,12.4,2.5,425.7,,,,,,21.5,342.6,68,10,2.5,423.1,32.5,,,,,,,18.6,152.3,39.7,4.6,2.2,198.8,20.4,,,,,,,0.8,120441.4,8296.2,1119.8,3620.3,133477.7,1599.5,,,,,,,31025.2,1829.3,364.3,70,3309.6,5573.2,835,,,,,,,5173.3,13,,16,16,0.2,0.2,3292.8,10218.6,1210870.6,989879.1,38362,182351.4,177405,167404.2,10000.8,1928.3,3018.1,278.1,1206413.5,836535.4,97705.3,70041.8,73.8,33762.9,8.4,2628.7,64053,25097.7
Томская обл.,2021,8,13,1,2,2,1,1,3,,10,,2,1,31686,13,2571,13,371,1,38,,,601,194,63,8,,44,1,2,5,,,1,8,6,1623,82,,21,1726,131,17,1,2,4,10,,100,993,40,,14,1047,41,1,1,,,,,31,13,13,,,3,3,,,68,,,,68,,,166.6,15.7,,2,184.3,0.4,0.1,0.1,0.1,0.1,5,140.5,15.7,,2,158.2,14.4,1.2,0.1,0.1,0.1,0.9,,22.5,75.2,6,,1.5,82.7,2.7,0.1,0.1,,,,,3.7,43009.7,6040.4,,625,49675.1,,9,1.5,1.5,2,4,,8968.8,0.1,65.1,,,65.2,,,,,,,,7012.1,5,,,,,,6469.6,9621.1,503699.1,378168.2,57603.4,67730.8,62994.7,55343.1,7651.6,3329.7,1406.4,196.7,492796,347782.8,21501.7,180,,48074.6,368,2241.4,14822.3,4777.4
Дальневосточный федеральный округ,2021,51,114,25,26,40,3,12,50,3,70,9,32,3,204713,71,17656,356,1644,38,252,32,16,5002,2010,835,105,133,233,109,40,198,6,4,18,49,32,7688,1071,526,167,9452,784,319,208,11,78,22,35,308,4456,737,284,72,5549,266,106,65,9,32,,,80,545,545,7,24,2524,2524,22,47,1014,5,16,15,1050,20,25,1181.6,101.4,64.9,35,1382.9,6.4,3.2,0.6,2,0.6,24.1,1094.4,190.2,80.1,40.2,1404.9,235.9,18.7,11.4,0.4,4,2.9,5.9,23.1,495.6,63.2,43.3,8.7,610.8,35,4.7,2.3,0.4,2,,,5.4,495062.7,20382.6,20410.4,14461.7,550317.4,1674.9,798.3,88.8,120.6,386.3,202.6,346.8,52212.6,8185.9,1552.1,2558.2,4461.7,16757.9,1674.9,165,,,165,,63,44180.7,53,4,251,189,35.4,25.7,124799.4,73901.2,6631478,5606207.1,186915.9,767927.1,709942.4,685753,24189.4,47138.1,10846.6,70427.9,6681138.2,4921041.4,243215.4,106404.9,8868.1,147893.2,3621.7,15810,217231.4,98872.8
Респ. Бурятия,2021,5,12,3,1,6,1,2,4,2,11,1,,,36446,6,1750,29,98,,26,7,,721,328,122,23,50,68,3,1,6,1,1,4,5,5,770,170,83,6,1029,3,30,30,,,,,45,407,155,60,1,623,1,,,,,,,30,4,4,,,4,4,,,172,1,16,,189,1,,126.4,16.8,8.6,2.4,154.2,,,,,,,126.4,16.9,8.6,2.4,154.3,0.2,0.7,0.7,,,,,,51.5,15.7,5.9,0.3,73.4,,,,,,,,,42811,3888,2195.9,1083.6,49978.5,,,,,,,,1736.5,9.4,56.7,,,66.1,,,,,,,,1736.5,1,,,,,,5807,5638.6,722130.7,603060.5,51113.1,67721.6,66058.8,66058.8,,,1662.8,235.5,687997.9,484202.4,20434.6,2815.4,,15206.7,2005.3,1118.3,23429.2,7167.2
Респ. Саха (Якутия),2021,11,21,4,4,8,,3,14,1,15,1,4,1,34604,13,3424,10,100,,54,9,8,1044,508,325,20,,13,1,3,9,,1,2,10,4,943,178,44,50,1215,97,24,4,5,9,6,,38,465,117,19,4,605,10,7,,5,2,,,1,,,,,,,,,188,,,15,203,1,,128.8,12.1,4.8,18.6,164.3,0.4,0.1,,0.2,0.1,2,104.4,12.1,5.6,18.4,140.5,7.7,2.6,0.1,,0.4,2.1,,2,39.2,9.8,1.4,2.8,53.2,0.7,,,,,,,0.1,37221.8,2465.8,325.4,6412.3,46425.3,,151.3,0.1,,151.1,0.1,,1619.6,1067.7,204.1,94.1,125.1,1491,,135,,,135,,,127.2,9,,,,,,744.5,3433.4,1596022.9,1464395.6,45953.2,66371.2,62408.1,60476.1,1932,368.5,3594.6,19302.9,1595359.4,1294839,25678.5,24223.1,738.4,10816.1,53,4754.5,34523.7,11714.6
Забайкальский край,2021,6,6,3,3,4,,1,2,,6,,,,16476,5,1215,35,200,,31,9,1,366,153,33,7,2,3,,,2,,,1,6,3,633,328,107,11,1079,368,62,27,4,31,,,5,392,118,31,3,544,150,36,10,4,22,,,3,,,,,,,,,,,,,,,,36.2,46.8,9.4,3,95.4,3.2,1.6,0.6,1,,,54.7,131.3,24.4,1.9,212.3,140.7,4.3,1.6,0.4,2.3,,,,28.9,17.4,11.8,0.4,58.5,22.9,2.8,0.6,0.4,1.8,,,,8858.2,8511.5,2094,193.4,19657.1,1191.5,263.9,80,120.6,63.3,,,62,869.2,1234.9,1579.1,,3683.2,1191.5,,,,,,,62,1,,,,,,,4478.7,298848.4,260142.7,,38569.2,37549.2,32750.2,4799,167,853,136.5,301605.3,199062.3,9388.6,,,17163.3,106.9,983.8,11140,777.8
Камчатский край,2021,2,3,1,1,2,,,1,,3,,,,6225,3,709,34,49,,12,,,152,39,18,1,,9,,,4,,,2,2,2,315,48,11,,374,18,16,,2,5,9,,9,163,47,9,,219,14,,,,,,,,,,,,,,,,,,,,,,,37.5,1.9,0.5,,39.9,1,,,0.5,0.5,1.9,39.3,2.6,0.6,,42.5,4.8,0.9,,,0.4,0.5,,1.9,19.9,2.5,0.5,,22.9,2.8,,,,,,,,22498.5,516,180,,23194.5,,264.3,,,61.8,202.5,,784.2,2462.7,37,,,2499.7,,,,,,,,,,,,,,,1787.9,5132,244511.1,216961,,27550.1,27550.1,27525.4,24.7,,,,244290.1,174779.7,6883.5,507.3,,4084.6,,460.6,10416.3,2275.2
Приморский край,2021,8,32,6,6,6,1,2,20,,4,1,25,2,46295,14,4750,140,596,16,46,1,,1237,509,110,15,55,79,101,4,126,3,1,3,8,4,1704,143,143,58,2048,101,,,,,,10,57,955,120,82,28,1185,23,,,,,,,2,541,541,7,24,778,778,7,26,300,,,,300,7,,397.2,11.6,21.7,7,437.5,,,,,,11.2,371.3,16.7,23.3,13.3,424.6,40.9,,,,,,5.9,11.2,169.2,11.2,12.9,2.1,195.4,0.7,,,,,,,1.7,216936.6,1996.9,7728.9,4462.3,231124.7,,,,,,,283.8,11644.6,2643.3,3,510,4021.6,7177.9,,,,,,,,9000,30,3,208,189,31.6,25.7,109184.7,39051.1,1755153.5,1341904.5,69625,297397.5,251118.1,246163.7,4954.4,44595.8,1683.6,46226.5,1844362.9,1367627.1,105482.7,,,32875.1,1000,2372.5,52833.7,25900.1
Хабаровский край,2021,10,12,6,6,7,1,1,4,,7,2,3,,37164,15,2923,47,326,22,33,4,3,777,276,113,27,18,23,2,23,37,2,,2,9,6,1556,123,56,33,1768,86,16,,,16,,25,116,866,114,36,29,1045,28,1,,,1,,,37,,,,,800,800,,12,,,,,,,25,249.2,6,13.5,3.7,272.4,0.2,,,0.2,,7.1,212.2,5.4,11.3,3.7,232.6,13.4,0.5,,,0.5,,,6.2,104.2,3.6,7.3,2.7,117.8,1.9,,,,,,,3.1,93813.8,2127.9,5158.5,1937.9,103038.1,463.4,110,,,110,,63,32390.3,610.1,16.4,375,315,1316.5,463.4,30,,,30,,63,30576.6,3,1,43,,3.8,,1062.4,13990.4,842853.3,668505.4,9049.6,163668.8,161580.2,152832.8,8747.4,334.3,1754.3,1629.5,840706.5,629434.3,60979.8,22431.3,468.7,19306.2,91.5,1609.7,40891.3,35747.7
Амурская обл.,2021,3,10,,2,2,,2,1,,10,,,,10710,4,958,23,85,,23,1,1,184,60,34,5,3,3,,2,4,,1,2,3,2,488,62,18,1,569,28,,,,,,,4,251,51,15,1,318,15,,,,,,,,,,,,261,261,,,261,,,,261,,,100.9,5.3,3.3,0.1,109.6,,,,,,,76.8,3.2,2.1,0.1,82.2,9.6,,,,,,,,20.9,2,1.8,0.1,24.8,1.4,,,,,,,,16336.8,652,383.5,10,17382.3,20,,,,,,,85.1,20,,,,20,20,,,,,,,85.1,1,,,,,,6190.3,48.8,262122.9,230238,,31884.9,31745.9,30549.6,1196.3,,139,,266003,158928.1,4113.7,52108.5,7659,10464.9,,2953.6,17059.6,11339
Магаданская обл.,2021,2,2,1,1,2,,1,1,,2,,,,3789,4,717,30,79,,10,,1,181,69,26,3,3,6,,3,8,,,1,2,2,263,5,15,,283,26,166,147,,12,7,,10,192,1,15,,208,15,57,55,,2,,,6,,,,,170,170,15,,93,4,,,97,11,,29.4,0.1,0.6,,30.1,1.5,1.5,,,,0.8,21.9,1.1,0.6,,23.6,5.6,9.5,9,,0.2,0.3,,0.7,13.3,0.1,0.6,,14,2.7,1.7,1.7,,,,,0.5,6374.2,20,167,,6561.2,,8.7,8.7,,,,,472,46.2,,,,46.2,,,,,,,,,,,,,,,,1170,339801,327434,,12208,10290,9140,1150,940,978,159,340621,277993,889,70,2,20080,,187,9917,2977
Сахалинская обл.,2021,2,13,1,2,1,,,3,,9,4,,,10479,4,792,4,71,,11,,,284,54,42,4,2,15,2,4,2,,,1,2,2,870,3,48,8,929,51,5,,,5,,,24,645,3,17,6,671,4,5,,,5,,,1,,,,,511,511,,9,,,,,,,,69.8,0.4,2.5,0.2,72.9,0.1,,,0.1,,1.1,80.4,0.5,3.6,0.4,84.9,12.2,0.2,,,0.2,,,1.1,42.3,0.5,1.1,0.3,44.2,1.1,0.2,,,0.2,,,,48938.5,124.5,2177.2,362.2,51602.4,,0.1,,,0.1,,,3418.3,255.4,,,,255.4,,,,,,,,2593.3,8,,,,,,0.6,755.2,525422.9,459905,1745.9,61034,60288.7,58903.1,1385.6,700,45.3,2738,515804.8,302706.4,9339,4249.3,,11877.4,365,1217,13101.4,618.2
Чукотский а.о.,2021,,,,,,,,,,,,,,,,,,,,,,,,,,,,,,,,,,,,,,,,,,,,,,,,,,,,,,,,,,,,,,,,,,,,,,,,,,,,,,,,,,,,,,,,,,,,,,,,,,,,,,,,,,,,,,,,,,,,,,,,,,,,,,,,,,,,,,,,,,,,,,,,,,,,,,,,,,,,,,,,,,,,,,,,
Еврейская авт.обл.,2021,2,3,,,2,,,,,3,,,,2525,3,418,4,40,,6,1,2,56,14,12,,,14,,,,,,,2,2,146,11,1,,158,6,,,,,,,,120,11,,,131,6,,,,,,,,,,,,,,,,,,,,,,,6.2,0.4,,,6.6,,,,,,,7,0.4,,,7.4,0.8,,,,,,,,6.2,0.4,,,6.6,0.8,,,,,,,,1273.3,80,,,1353.3,,,,,,,,,201.9,,,,201.9,,,,,,,,,,,,,,,22,203,44611.3,33660.4,9429.1,1521.8,1353.3,1353.3,,32.5,136,,44387.3,31469.1,26,,,6018.9,,153,3919.2,356